site_id,권역,시군,행정구역_상세,시설명,위도,경도,주소,출력등급_표준,출력분류,출력_W,반경_m,웹표시형식,검토상태,반영권장,데이터원본,비고
S0001,남부,수원시,,수원시청,37.263406,127.028584,,중형,중형,1200,1000.9,circle,정상,radius 기반 원형표시,구글 가청률 지도 최종본.kmz,
S0002,남부,수원시,,파장동행정복지센터,37.3103862,126.9974438,,중형,중형,1200,1000.8,circle,정상,radius 기반 원형표시,구글 가청률 지도 최종본.kmz,
S0003,남부,수원시,,율천동행정복지센터,37.2976927,126.9714919,,중형,중형,1200,999,circle,정상,radius 기반 원형표시,구글 가청률 지도 최종본.kmz,
S0004,남부,수원시,,정자1동행정복지센터,37.3021669,126.9913968,,중형,중형,1200,999,circle,정상,radius 기반 원형표시,구글 가청률 지도 최종본.kmz,
S0005,남부,수원시,,조원1동행정복지센터,37.3017563,127.0164898,,중형,중형,1200,1000.1,circle,정상,radius 기반 원형표시,구글 가청률 지도 최종본.kmz,
S0006,남부,수원시,,연무동행정복지센터,37.2905137,127.0216119,,중형,중형,1200,1000.7,circle,정상,radius 기반 원형표시,구글 가청률 지도 최종본.kmz,
S0007,남부,수원시,,권선구청,37.2575787,126.9717607,,중형,중형,1200,998.7,circle,정상,radius 기반 원형표시,구글 가청률 지도 최종본.kmz,
S0008,남부,수원시,,세류1동행정복지센터,37.2621295,127.0079748,,중형,중형,1200,998.9,circle,정상,radius 기반 원형표시,구글 가청률 지도 최종본.kmz,
S0009,남부,수원시,,세류2동행정복지센터,37.2532959,127.0130622,,중형,중형,1200,1201,circle,정상,radius 기반 원형표시,구글 가청률 지도 최종본.kmz,
S0010,남부,수원시,,평동행정복지센터,37.2580172,126.9941433,,통합,통합,2400,1201.8,circle,정상,radius 기반 원형표시,구글 가청률 지도 최종본.kmz,
S0011,남부,수원시,,구운동행정복지센터,37.2772303,126.9715331,,대형,대형,2400,999.5,circle,정상,radius 기반 원형표시,구글 가청률 지도 최종본.kmz,
S0012,남부,수원시,,호매실동행정복지센터,37.2661824,126.9570346,,중형,중형,1200,1000.7,circle,정상,radius 기반 원형표시,구글 가청률 지도 최종본.kmz,
S0013,남부,수원시,,금곡동행정복지센터,37.2727783,126.9521916,,중형,중형,1200,1000.4,circle,정상,radius 기반 원형표시,구글 가청률 지도 최종본.kmz,
S0014,남부,수원시,,권선2동행정복지센터,37.2577129,127.0245833,,중형,중형,1200,1000.7,circle,정상,radius 기반 원형표시,구글 가청률 지도 최종본.kmz,
S0015,남부,수원시,,곡선동행정복지센터,37.2432913,127.033365,,중형,중형,1200,999.8,circle,정상,radius 기반 원형표시,구글 가청률 지도 최종본.kmz,
S0016,남부,수원시,,입북동행정복지센터,37.2933327,126.9595345,,중형,중형,1200,998.7,circle,정상,radius 기반 원형표시,구글 가청률 지도 최종본.kmz,
S0017,남부,수원시,,선경도서관,37.2838213,127.0104925,,중형,중형,1200,1000.8,circle,정상,radius 기반 원형표시,구글 가청률 지도 최종본.kmz,
S0018,남부,수원시,,매산동행정복지센터,37.268655,127.0056696,,중형,중형,1200,998.9,circle,정상,radius 기반 원형표시,구글 가청률 지도 최종본.kmz,
S0019,남부,수원시,,화서2동행정복지센터,37.2851412,126.9863142,,통합,통합,2400,1199.4,circle,정상,radius 기반 원형표시,구글 가청률 지도 최종본.kmz,
S0020,남부,수원시,,수원시민회관,37.2734205,127.0112534,,중형,중형,1200,1000,circle,정상,radius 기반 원형표시,구글 가청률 지도 최종본.kmz,
S0021,남부,수원시,,지동행정복지센터,37.2820214,127.0284432,,중형,중형,1200,999.7,circle,정상,radius 기반 원형표시,구글 가청률 지도 최종본.kmz,
S0022,남부,수원시,,우만1동행정복지센터,37.2772623,127.0257445,,중형,중형,1200,999.3,circle,정상,radius 기반 원형표시,구글 가청률 지도 최종본.kmz,
S0023,남부,수원시,,우만2동행정복지센터,37.277964,127.0397449,,중형,중형,1200,1001,circle,정상,radius 기반 원형표시,구글 가청률 지도 최종본.kmz,
S0024,남부,수원시,,매탄1동행정복지센터,37.2704887,127.0404718,,중형,중형,1200,1198.5,circle,정상,radius 기반 원형표시,구글 가청률 지도 최종본.kmz,
S0025,남부,수원시,,원천동행정복지센터,37.2734268,127.0532955,,중형,중형,1200,999.7,circle,정상,radius 기반 원형표시,구글 가청률 지도 최종본.kmz,
S0026,남부,수원시,,광교1동행정복지센터,37.2902171,127.0475512,,중형,중형,1200,998.6,circle,정상,radius 기반 원형표시,구글 가청률 지도 최종본.kmz,
S0027,남부,수원시,,광교2동행정복지센터,37.2921759,127.0686384,,중형,중형,1200,1000.3,circle,정상,radius 기반 원형표시,구글 가청률 지도 최종본.kmz,
S0028,남부,수원시,,영통1동행정복지센터,37.2662313,127.0805982,,,,,996.9,circle,정상,radius 기반 원형표시,구글 가청률 지도 최종본.kmz,
S0029,남부,수원시,,영통2동행정복지센터,37.2469452,127.0563082,,중형,중형,1200,999.5,circle,정상,radius 기반 원형표시,구글 가청률 지도 최종본.kmz,
S0030,남부,수원시,,영통3동행정복지센터,37.2597454,127.0617733,,중형,중형,1200,999,circle,정상,radius 기반 원형표시,구글 가청률 지도 최종본.kmz,
S0031,남부,수원시,,망포2동행정복지센터,37.2387393,127.0514686,,중형,중형,1200,1000.1,circle,정상,radius 기반 원형표시,구글 가청률 지도 최종본.kmz,
S0032,남부,수원시,,수원남부소방서,37.25461,127.0363663,,중형,중형,1200,1001,circle,정상,radius 기반 원형표시,구글 가청률 지도 최종본.kmz,
S0033,남부,수원시,,고등동행정복지센터,37.2733095,127.0010985,,중형,중형,1200,1000,circle,정상,radius 기반 원형표시,구글 가청률 지도 최종본.kmz,
S0034,남부,용인시,,처인구청,37.23444,127.201346,,대형,대형,2400,1201.3,circle,정상,radius 기반 원형표시,구글 가청률 지도 최종본.kmz,
S0035,남부,용인시,,포곡읍행정복지센터,37.2777405,127.2308142,,대형,대형,2400,1201.4,circle,정상,radius 기반 원형표시,구글 가청률 지도 최종본.kmz,
S0036,남부,용인시,,둔전리 복지회관,37.2726528,127.2187918,,소형,소형,300,401,circle,정상,radius 기반 원형표시,구글 가청률 지도 최종본.kmz,
S0037,남부,용인시,,왕산4리 마을회관,37.3375738,127.2517213,,소형,소형,300,400.3,circle,정상,radius 기반 원형표시,구글 가청률 지도 최종본.kmz,
S0038,남부,용인시,,이동읍행정복지센터,37.141091,127.196182,,중형,중형,1200,1001.1,circle,정상,radius 기반 원형표시,구글 가청률 지도 최종본.kmz,
S0039,남부,용인시,,역복동행정복지센터,37.2344522,127.1882138,,,,,,circle,검토필요,radius 기반 원형표시,구글 가청률 지도 최종본.kmz,기본 커버리지 도형 없음
S0040,남부,용인시,,남사읍행정복지센터,37.1154538,127.1505215,,중형,중형,1200,999.8,circle,정상,radius 기반 원형표시,구글 가청률 지도 최종본.kmz,
S0041,남부,용인시,,죽림노인정,37.1370388,127.3068585,,소형,소형,600,799,circle,정상,radius 기반 원형표시,구글 가청률 지도 최종본.kmz,
S0042,남부,용인시,,미평1리 마을회관,37.1824633,127.3251344,,소형,소형,600,798.9,circle,정상,radius 기반 원형표시,구글 가청률 지도 최종본.kmz,
S0043,남부,용인시,,백암면행정복지센터,37.1633812,127.3753404,,중형,중형,1200,1001.1,circle,정상,radius 기반 원형표시,구글 가청률 지도 최종본.kmz,
S0044,남부,용인시,,양지면행정복지센터,37.2354391,127.2798329,,중형,중형,1200,1001,circle,정상,radius 기반 원형표시,구글 가청률 지도 최종본.kmz,
S0045,남부,용인시,,대대1리 마을회관,37.2632529,127.2655831,,소형,소형,300,400.6,circle,보조도형확인,radius 기반 원형표시,구글 가청률 지도 최종본.kmz,보조 도형 존재
S0046,남부,용인시,,유림동행정복지센터,37.2524017,127.2117021,,중형,중형,1200,999.8,circle,정상,radius 기반 원형표시,구글 가청률 지도 최종본.kmz,
S0047,남부,용인시,,고림8통 마을회관,37.2396367,127.2154424,,소형,소형,300,401.2,circle,정상,radius 기반 원형표시,구글 가청률 지도 최종본.kmz,
S0048,남부,용인시,,기흥구청,37.2804055,127.1146587,,대형,대형,2400,1199.1,circle,정상,radius 기반 원형표시,구글 가청률 지도 최종본.kmz,
S0049,남부,용인시,,영덕1동행정복지센터,37.2776636,127.0743559,,중형,중형,1200,1003.1,circle,정상,radius 기반 원형표시,구글 가청률 지도 최종본.kmz,
S0050,남부,용인시,,상갈동행정복지센터,37.266546,127.1076598,,중형,중형,1200,1001.5,circle,정상,radius 기반 원형표시,구글 가청률 지도 최종본.kmz,
S0051,남부,용인시,,지곡2통 마을회관,37.2400909,127.134405,,소형,소형,600,800.3,circle,정상,radius 기반 원형표시,구글 가청률 지도 최종본.kmz,
S0052,남부,용인시,,기흥동행정복지센터,37.2314456,127.1154617,,중형,중형,1200,1000.6,circle,정상,radius 기반 원형표시,구글 가청률 지도 최종본.kmz,
S0053,남부,용인시,,구성도서관,37.2963664,127.1184676,,대형,대형,2400,1201.7,circle,정상,radius 기반 원형표시,구글 가청률 지도 최종본.kmz,
S0054,남부,용인시,,마북동행정복지센터,37.3015845,127.1174169,,DMB,DMB단말,400,793.9,circle,정상,radius 기반 원형표시,구글 가청률 지도 최종본.kmz,
S0055,남부,용인시,,동백2동행정복지센터,37.2724494,127.1515925,,중형,중형,1200,999.9,circle,정상,radius 기반 원형표시,구글 가청률 지도 최종본.kmz,
S0056,남부,용인시,,상하동행정복지센터,37.2702315,127.1380538,,중형,중형,1200,1011.4,circle,정상,radius 기반 원형표시,구글 가청률 지도 최종본.kmz,
S0057,남부,용인시,,죽전1동행정복지센터,37.3309841,127.1139857,,중형,중형,1200,1000.2,circle,정상,radius 기반 원형표시,구글 가청률 지도 최종본.kmz,
S0058,남부,용인시,,죽전2동행정복지센터,37.3258912,127.1067054,,중형,중형,1200,1003.1,circle,정상,radius 기반 원형표시,구글 가청률 지도 최종본.kmz,
S0059,남부,용인시,,수지구청,37.3221501,127.097437,,대형,대형,2400,1200,circle,정상,radius 기반 원형표시,구글 가청률 지도 최종본.kmz,
S0060,남부,용인시,,신봉2통 마을회관,37.3328033,127.0548807,,소형,소형,600,803.1,circle,정상,radius 기반 원형표시,구글 가청률 지도 최종본.kmz,
S0061,남부,용인시,,동천동행정복지센터,37.3418205,127.0992026,,소형,소형,300,400.8,circle,정상,radius 기반 원형표시,구글 가청률 지도 최종본.kmz,
S0062,남부,용인시,,상현1동행정복지센터,37.3045963,127.0811367,,중형,중형,1200,999.6,circle,정상,radius 기반 원형표시,구글 가청률 지도 최종본.kmz,
S0063,남부,용인시,,성복동행정복지센터,37.316429,127.0689676,,중형,중형,1200,1003.1,circle,정상,radius 기반 원형표시,구글 가청률 지도 최종본.kmz,
S0064,남부,용인시,,서농동행정복지센터,37.2468258,127.0734139,,중형,중형,1200,1000,circle,정상,radius 기반 원형표시,구글 가청률 지도 최종본.kmz,
S0065,남부,용인시,,남사스포츠센터,37.1569881,127.17383,,대형,대형,2400,1200,circle,정상,radius 기반 원형표시,구글 가청률 지도 최종본.kmz,
S0066,남부,용인시,,고림2통마을회관,37.2510704,127.2312372,,대형,대형,2400,1200,circle,정상,radius 기반 원형표시,구글 가청률 지도 최종본.kmz,
S0067,남부,성남시,,성남시청,37.419464,127.1258931,,중형,중형,1200,998.6,circle,정상,radius 기반 원형표시,구글 가청률 지도 최종본.kmz,
S0068,남부,성남시,,태평3동행정복지센터,37.4451889,127.1331417,,대형,대형,2400,1201.2,circle,정상,radius 기반 원형표시,구글 가청률 지도 최종본.kmz,
S0069,남부,성남시,,창곡배수지,37.4547778,127.1565123,,대형,대형,2400,1198.6,circle,정상,radius 기반 원형표시,구글 가청률 지도 최종본.kmz,
S0070,남부,성남시,,성남여자고등학교,37.435871,127.1454333,,대형,대형,2400,1200.3,circle,정상,radius 기반 원형표시,구글 가청률 지도 최종본.kmz,
S0071,남부,성남시,,대일초등학교,37.4384465,127.1641046,,대형,대형,2400,1197.5,circle,정상,radius 기반 원형표시,구글 가청률 지도 최종본.kmz,
S0072,남부,성남시,,도촌동행정복지센터,37.4164619,127.1527865,,중형,중형,1200,1004.5,circle,정상,radius 기반 원형표시,구글 가청률 지도 최종본.kmz,
S0073,남부,성남시,,분당구청,37.3826619,127.1191029,,대형,대형,2400,1198.8,circle,정상,radius 기반 원형표시,구글 가청률 지도 최종본.kmz,
S0074,남부,성남시,,분당구보건소,37.4110111,127.1246111,,대형,대형,2400,1197.6,circle,정상,radius 기반 원형표시,구글 가청률 지도 최종본.kmz,
S0075,남부,성남시,,분당2배수지,37.3780335,127.1435827,,대형,대형,2400,1199.4,circle,정상,radius 기반 원형표시,구글 가청률 지도 최종본.kmz,
S0076,남부,성남시,,분당2소배수지,37.3442936,127.1230677,,대형,대형,2400,1197.7,circle,정상,radius 기반 원형표시,구글 가청률 지도 최종본.kmz,
S0077,남부,성남시,,분당3배수지,37.3470875,127.10551,,대형,대형,2300,1199.4,circle,정상,radius 기반 원형표시,구글 가청률 지도 최종본.kmz,
S0078,남부,성남시,,운중동행정복지센터,37.3895792,127.0769719,,중형,중형,1200,1012.7,circle,정상,radius 기반 원형표시,구글 가청률 지도 최종본.kmz,
S0079,남부,성남시,,삼평동행정복지센터,37.4060194,127.1163083,,중형,중형,1200,998.7,circle,정상,radius 기반 원형표시,구글 가청률 지도 최종본.kmz,
S0080,남부,성남시,,판교동행정복지센터,37.3899417,127.098575,,중형,중형,1200,1007.6,circle,정상,radius 기반 원형표시,구글 가청률 지도 최종본.kmz,
S0081,남부,성남시,,정자2동행정복지센터,37.3659755,127.115245,,중형,중형,1200,1009.1,circle,정상,radius 기반 원형표시,구글 가청률 지도 최종본.kmz,
S0082,남부,성남시,,하대원동행정복지센터,37.4282778,127.1462778,,중형,중형,1200,1004,circle,정상,radius 기반 원형표시,구글 가청률 지도 최종본.kmz,
S0083,남부,성남시,,금곡동경로당,37.3626709,127.0972424,,중형,중형,1200,1000,circle,정상,radius 기반 원형표시,구글 가청률 지도 최종본.kmz,
S0084,남부,성남시,,시흥동행정복지센터,37.4215444,127.1074194,,DMB,DMB,800,798.8,circle,정상,radius 기반 원형표시,구글 가청률 지도 최종본.kmz,
S0085,남부,성남시,,중원구청,37.4303917,127.1371238,,DMB,DMB,800,799.4,circle,정상,radius 기반 원형표시,구글 가청률 지도 최종본.kmz,
S0086,남부,성남시,,수내1동행정복지센터,37.3751852,127.1180306,,DMB,DMB,800,799.6,circle,정상,radius 기반 원형표시,구글 가청률 지도 최종본.kmz,
S0087,남부,성남시,,수내3동행정복지센터,37.3668278,127.1261269,,DMB,DMB,800,799.9,circle,정상,radius 기반 원형표시,구글 가청률 지도 최종본.kmz,
S0088,남부,성남시,,서현1동행정복지센터,37.3824111,127.1260667,,DMB,DMB경보사이렌,800,798.7,circle,정상,radius 기반 원형표시,구글 가청률 지도 최종본.kmz,
S0089,남부,성남시,,이매1동행정복지센터,37.399525,127.1272083,,DMB,DMB경보사이렌,800,801,circle,정상,radius 기반 원형표시,구글 가청률 지도 최종본.kmz,
S0090,남부,성남시,,이매2동행정복지센터,37.3995404,127.1218732,,DMB,DMB경보사이렌,800,800.6,circle,정상,radius 기반 원형표시,구글 가청률 지도 최종본.kmz,
S0091,남부,성남시,,야탑3동행정복지센터,37.4107972,127.137925,,DMB,DMB경보사이렌,800,799,circle,정상,radius 기반 원형표시,구글 가청률 지도 최종본.kmz,
S0092,남부,성남시,,구미동행정복지센터,37.3401077,127.1225405,,DMB,DMB경보사이렌,800,798.7,circle,정상,radius 기반 원형표시,구글 가청률 지도 최종본.kmz,
S0093,남부,성남시,,성남동노인복지회관,37.4320045,127.1315674,,DMB,DMB경보사이렌,800,800.1,circle,정상,radius 기반 원형표시,구글 가청률 지도 최종본.kmz,
S0094,남부,성남시,,복정동행정복지센터,37.4658,127.127124,,,,,999.9,circle,정상,radius 기반 원형표시,구글 가청률 지도 최종본.kmz,
S0095,남부,성남시,,위례동행정복지센터,37.4669249,127.1495165,,,,,1003.5,circle,정상,radius 기반 원형표시,구글 가청률 지도 최종본.kmz,
S0096,남부,성남시,,위례중앙초등학교,37.4716335,127.1385454,,,,,999.5,circle,정상,radius 기반 원형표시,구글 가청률 지도 최종본.kmz,
S0097,남부,성남시,,신촌동행정복지센터,37.4545476,127.1045015,,DMB,DMB,,800,circle,정상,radius 기반 원형표시,구글 가청률 지도 최종본.kmz,
S0098,남부,성남시,,정자3동행정복지센터,37.360696,127.1195044,,DMB,DMB,,800,circle,정상,radius 기반 원형표시,구글 가청률 지도 최종본.kmz,
S0099,남부,부천시,,부천시청,37.5036894,126.7659372,,대형,대형,2400,1201.2,circle,정상,radius 기반 원형표시,구글 가청률 지도 최종본.kmz,
S0100,남부,부천시,,원미어울마당,37.496512,126.787101,,대형,대형,2400,1199.5,circle,정상,radius 기반 원형표시,구글 가청률 지도 최종본.kmz,
S0101,남부,부천시,,KT부천지사,37.4865965,126.7749083,,대형,대형,2400,1208,circle,정상,radius 기반 원형표시,구글 가청률 지도 최종본.kmz,
S0102,남부,부천시,,역곡1동주민지원센터,37.489152,126.81671,,대형,대형,2400,1229.3,circle,정상,radius 기반 원형표시,구글 가청률 지도 최종본.kmz,
S0103,남부,부천시,,도당동주민지원센터,37.5162598,126.7859341,,대형,대형,2400,1218.2,circle,정상,radius 기반 원형표시,구글 가청률 지도 최종본.kmz,
S0104,남부,부천시,,상1동주민지원센터,37.4918278,126.7531402,,대형,대형,2400,1198.7,circle,정상,radius 기반 원형표시,구글 가청률 지도 최종본.kmz,
S0105,남부,부천시,,소사어울마당,37.4800422,126.7999338,,대형,대형,2400,1200.6,circle,정상,radius 기반 원형표시,구글 가청률 지도 최종본.kmz,
S0106,남부,부천시,,심곡도서관,37.4802641,126.7839076,,대형,대형,2400,1201.7,circle,정상,radius 기반 원형표시,구글 가청률 지도 최종본.kmz,
S0107,남부,부천시,,소사배수지,37.469803,126.8048518,,대형,대형,2400,1199.3,circle,정상,radius 기반 원형표시,구글 가청률 지도 최종본.kmz,
S0108,남부,부천시,,원종1동주민지원센터,37.5258978,126.805432,,대형,대형,2400,1199.6,circle,정상,radius 기반 원형표시,구글 가청률 지도 최종본.kmz,
S0109,남부,부천시,,부천아트벙커B39,37.5213421,126.767408,,대형,대형,2400,1202,circle,정상,radius 기반 원형표시,구글 가청률 지도 최종본.kmz,
S0110,남부,부천시,,남부수자원생태공원,37.4701273,126.8282924,,대형,대형,2400,1197.6,circle,정상,radius 기반 원형표시,구글 가청률 지도 최종본.kmz,
S0111,남부,부천시,,꿈여울도서관,37.5154269,126.8055711,,중형,중형,1200,1002.3,circle,정상,radius 기반 원형표시,구글 가청률 지도 최종본.kmz,
S0112,남부,부천시,,대장동복지회관,37.543127,126.782696,,중형,중형,1200,1001.3,circle,정상,radius 기반 원형표시,구글 가청률 지도 최종본.kmz,
S0113,남부,부천시,,고강본동주민지원센터,37.5270092,126.8248127,,DMB,DMB,800,799.7,circle,정상,radius 기반 원형표시,구글 가청률 지도 최종본.kmz,
S0114,남부,부천시,,송내1동주민지원센터,37.484096,126.756077,,중형,중형,1200,1008.8,circle,정상,radius 기반 원형표시,구글 가청률 지도 최종본.kmz,
S0115,남부,안산시,,대부동행정복지센터,37.2436784,126.5852946,,대형,대형,2400,1197.4,circle,정상,radius 기반 원형표시,구글 가청률 지도 최종본.kmz,
S0116,남부,안산시,,안산시민방위교육장,37.329613,126.8459881,,중형,중형,1200,998.3,circle,정상,radius 기반 원형표시,구글 가청률 지도 최종본.kmz,
S0117,남부,안산시,,반월동행정복지센터,37.3060097,126.9021787,,대형,대형,2400,1197.9,circle,정상,radius 기반 원형표시,구글 가청률 지도 최종본.kmz,
S0118,남부,안산시,,본오1동작은도서관,37.2892251,126.8644883,,대형,대형,2400,1197.7,circle,정상,radius 기반 원형표시,구글 가청률 지도 최종본.kmz,
S0119,남부,안산시,,부곡동행정복지센터,37.3320279,126.8609901,,중형,중형,1200,998.5,circle,정상,radius 기반 원형표시,구글 가청률 지도 최종본.kmz,
S0120,남부,안산시,,사동행정복지센터,37.2970377,126.8510172,,중형,중형,200,997.9,circle,정상,radius 기반 원형표시,구글 가청률 지도 최종본.kmz,
S0121,남부,안산시,,성곡배수지,37.3191551,126.7618311,,대형,대형,2400,1200,circle,정상,radius 기반 원형표시,구글 가청률 지도 최종본.kmz,
S0122,남부,안산시,,안산시청 옥상,37.3218778,126.8308848,,대형,대형,2400,1204.7,circle,정상,radius 기반 원형표시,구글 가청률 지도 최종본.kmz,
S0123,남부,안산시,,와동배수지,37.3347479,126.8270938,,대형,대형,2400,1197.3,circle,정상,radius 기반 원형표시,구글 가청률 지도 최종본.kmz,
S0124,남부,안산시,,단원구청,37.3210428,126.8151637,,대형,대형,2400,1198.2,circle,정상,radius 기반 원형표시,구글 가청률 지도 최종본.kmz,
S0125,남부,안산시,,원곡동행정복지센터,37.3332822,126.7907721,,대형,대형,2400,1197.3,circle,정상,radius 기반 원형표시,구글 가청률 지도 최종본.kmz,
S0126,남부,안산시,,원시119안전센터,37.3128871,126.7934704,,대형,대형,2400,1197.4,circle,정상,radius 기반 원형표시,구글 가청률 지도 최종본.kmz,
S0127,남부,안산시,,일동배수지,37.3032793,126.8725106,,대형,대형,2400,1197.4,circle,정상,radius 기반 원형표시,구글 가청률 지도 최종본.kmz,
S0128,남부,안산시,,정지초등학교 옥상,37.3417255,126.8113816,,대형,대형,2400,1198.4,circle,정상,radius 기반 원형표시,구글 가청률 지도 최종본.kmz,
S0129,남부,안산시,,호수동행정복지센터,37.3102305,126.8243802,,중형,중형,1200,998,circle,정상,radius 기반 원형표시,구글 가청률 지도 최종본.kmz,
S0130,남부,안산시,,안산동행정복지센터,37.3618635,126.873291,,중형,중형,1200,998.6,circle,정상,radius 기반 원형표시,구글 가청률 지도 최종본.kmz,
S0131,남부,화성시,,봉담읍행정복지센터,37.2197157,126.9494875,,대형,대형,,1200,circle,정상,radius 기반 원형표시,구글 가청률 지도 최종본.kmz,
S0132,남부,화성시,,유리마을회관,37.1746541,126.9299295,,중형,중형,,1000,circle,정상,radius 기반 원형표시,구글 가청률 지도 최종본.kmz,
S0133,남부,화성시,,우정읍행정복지센터,37.0897973,126.8153798,,대형,대형,,1200,circle,정상,radius 기반 원형표시,구글 가청률 지도 최종본.kmz,
S0134,남부,화성시,,조암3리마을회관,37.0838939,126.8158788,,중형,중형,,1000,circle,정상,radius 기반 원형표시,구글 가청률 지도 최종본.kmz,
S0135,남부,화성시,,향남읍행정복지센터,37.1323558,126.920186,,대형,대형,,1200,circle,정상,radius 기반 원형표시,구글 가청률 지도 최종본.kmz,
S0136,남부,화성시,,상신3리마을회관,37.1003321,126.9050104,,중형,중형,,1000,circle,정상,radius 기반 원형표시,구글 가청률 지도 최종본.kmz,
S0137,남부,화성시,,화성시청,37.1995889,126.8313472,,중형,중형,,1000,circle,정상,radius 기반 원형표시,구글 가청률 지도 최종본.kmz,
S0138,남부,화성시,,남양읍행정복지센터,37.2114792,126.8240014,,소형,소형,,400,circle,정상,radius 기반 원형표시,구글 가청률 지도 최종본.kmz,
S0139,남부,화성시,,남양2리마을회관,37.2094711,126.8156373,,중형,중형,,1000,circle,정상,radius 기반 원형표시,구글 가청률 지도 최종본.kmz,
S0140,남부,화성시,,매송면행정복지센터,37.2522574,126.9093984,,중형,중형,,1000,circle,정상,radius 기반 원형표시,구글 가청률 지도 최종본.kmz,
S0141,남부,화성시,,비봉면행정복지센터,37.2353733,126.8736248,,중형,중형,,1000,circle,정상,radius 기반 원형표시,구글 가청률 지도 최종본.kmz,
S0142,남부,화성시,,마도면행정복지센터,37.2053952,126.769565,,중형,중형,,1000,circle,정상,radius 기반 원형표시,구글 가청률 지도 최종본.kmz,
S0143,남부,화성시,,송산면행정복지센터,37.2178685,126.7391058,,대형,대형,,1200,circle,정상,radius 기반 원형표시,구글 가청률 지도 최종본.kmz,
S0144,남부,화성시,,봉가2리마을회관,37.2080216,126.7364655,,중형,중형,,1000,circle,정상,radius 기반 원형표시,구글 가청률 지도 최종본.kmz,
S0145,남부,화성시,,서신면행정복지센터,37.166575,126.7087128,,소형,소형,,400,circle,정상,radius 기반 원형표시,구글 가청률 지도 최종본.kmz,
S0146,남부,화성시,,팔탄면행정복지센터,37.1622585,126.9048178,,중형,중형,,1000,circle,정상,radius 기반 원형표시,구글 가청률 지도 최종본.kmz,
S0147,남부,화성시,,장안면행정복지센터,37.0799101,126.8312798,,소형,소형,,400,circle,정상,radius 기반 원형표시,구글 가청률 지도 최종본.kmz,
S0148,남부,화성시,,양감면행정복지센터,37.0813803,126.9444515,,소형,소형,,400,circle,정상,radius 기반 원형표시,구글 가청률 지도 최종본.kmz,
S0149,남부,화성시,,정남면행정복지센터,37.1600314,126.9713225,,중형,중형,,1000,circle,정상,radius 기반 원형표시,구글 가청률 지도 최종본.kmz,
S0150,남부,화성시,,동부출장소,37.2088114,127.0356882,,대형,대형,,1200,circle,정상,radius 기반 원형표시,구글 가청률 지도 최종본.kmz,
S0151,남부,화성시,,진안동행정복지센터,37.2134048,127.0350007,,중형,중형,,1000,circle,정상,radius 기반 원형표시,구글 가청률 지도 최종본.kmz,
S0152,남부,화성시,,병점2동행정복지센터,37.2115433,127.0430646,,중형,중형,,1000,circle,정상,radius 기반 원형표시,구글 가청률 지도 최종본.kmz,
S0153,남부,화성시,,반월동행정복지센터,37.2329875,127.0606836,,중형,중형,,1000,circle,정상,radius 기반 원형표시,구글 가청률 지도 최종본.kmz,
S0154,남부,화성시,,기배동행정복지센터,37.224409,126.984771,,중형,중형,,1000,circle,정상,radius 기반 원형표시,구글 가청률 지도 최종본.kmz,
S0155,남부,화성시,,화산동행정복지센터,37.2062094,127.0150071,,중형,중형,,1000,circle,정상,radius 기반 원형표시,구글 가청률 지도 최종본.kmz,
S0156,남부,화성시,,동탄1동행정복지센터,37.2065621,127.0719729,,중형,중형,,1000,circle,정상,radius 기반 원형표시,구글 가청률 지도 최종본.kmz,
S0157,남부,화성시,,동탄2동행정복지센터,37.196921,127.0722999,,중형,중형,,1000,circle,정상,radius 기반 원형표시,구글 가청률 지도 최종본.kmz,
S0158,남부,화성시,,동탄3동행정복지센터,37.2100905,127.0583609,,중형,중형,,1000,circle,정상,radius 기반 원형표시,구글 가청률 지도 최종본.kmz,
S0159,남부,화성시,,동탄4동행정복지센터,37.1995137,127.1123026,,중형,중형,,1000,circle,정상,radius 기반 원형표시,구글 가청률 지도 최종본.kmz,
S0160,남부,화성시,,동탄6동행정복지센터,37.173469,127.0892501,,DMB,DMB경보사이렌,,800,circle,정상,radius 기반 원형표시,구글 가청률 지도 최종본.kmz,
S0161,남부,화성시,,새솔동행정복지센터,37.2812595,126.8188121,,,,,1000.9,circle,정상,radius 기반 원형표시,구글 가청률 지도 최종본.kmz,
S0162,남부,화성시,,난청지역(동탄8동),37.162194,127.1054373,,,,,1001.1,circle,정상,radius 기반 원형표시,구글 가청률 지도 최종본.kmz,
S0163,남부,화성시,,동탄5동행정복지센터,37.205846,127.1129534,,중형,중형,1200,1000,circle,정상,radius 기반 원형표시,구글 가청률 지도 최종본.kmz,
S0164,남부,화성시,,동탄7동행정복지센터,37.1704993,127.1103473,,중형,중형,1200,1000,circle,정상,radius 기반 원형표시,구글 가청률 지도 최종본.kmz,
S0165,남부,안양시,,안양시청,37.3943423,126.9568652,,대형,대형,2400,1200,circle,정상,radius 기반 원형표시,구글 가청률 지도 최종본.kmz,
S0166,남부,안양시,,만안구청,37.3865929,126.9325269,,대형,대형,2400,1200,circle,정상,radius 기반 원형표시,구글 가청률 지도 최종본.kmz,
S0167,남부,안양시,,안양4동행정복지센터,37.3963833,126.9177959,,대형,대형,2400,1200,circle,정상,radius 기반 원형표시,구글 가청률 지도 최종본.kmz,
S0168,남부,안양시,,박달1동행정복지센터,37.4036927,126.9090645,,대형,대형,2400,1200,circle,정상,radius 기반 원형표시,구글 가청률 지도 최종본.kmz,
S0169,남부,안양시,,관양1동행정복지센터,37.403593,126.9654531,,중형,중형,1200,1000,circle,정상,radius 기반 원형표시,구글 가청률 지도 최종본.kmz,
S0170,남부,안양시,,관양도서관,37.4106002,126.9702452,,중형,중형,1200,1000,circle,정상,radius 기반 원형표시,구글 가청률 지도 최종본.kmz,
S0171,남부,안양시,,석수3동행정복지센터,37.4086762,126.8953481,,중형,중형,1200,1000,circle,정상,radius 기반 원형표시,구글 가청률 지도 최종본.kmz,
S0172,남부,안양시,,평촌동행정복지센터,37.3946372,126.9771602,,중형,중형,1200,1000,circle,정상,radius 기반 원형표시,구글 가청률 지도 최종본.kmz,
S0173,남부,안양시,,호계3동행정복지센터,37.3673859,126.958715,,중형,중형,1200,997.4,circle,정상,radius 기반 원형표시,구글 가청률 지도 최종본.kmz,
S0174,남부,안양시,,안양9동행정복지센터,37.3914992,126.9084259,,중형,중형,1200,1000,circle,정상,radius 기반 원형표시,구글 가청률 지도 최종본.kmz,
S0175,남부,안양시,,비산3동행정복지센터,37.4042697,126.9448276,,DMB,DMB경보사이렌,,800,circle,정상,radius 기반 원형표시,구글 가청률 지도 최종본.kmz,
S0176,남부,안양시,,안양6동 신성고,37.3840804,126.9188502,,DMB,DMB,800,800,circle,정상,radius 기반 원형표시,구글 가청률 지도 최종본.kmz,
S0177,남부,안양시,,안양9동,37.3831573,126.9016088,,DMB,DMB,800,800,circle,정상,radius 기반 원형표시,구글 가청률 지도 최종본.kmz,
S0178,남부,안양시,,귀인동행정복지센터,37.3854612,126.9694173,,DMB,DMB,800,800,circle,정상,radius 기반 원형표시,구글 가청률 지도 최종본.kmz,
S0179,남부,안양시,,석수2동행정복지센터,37.4138454,126.9093992,,대형,대형,2400,1200,circle,정상,radius 기반 원형표시,구글 가청률 지도 최종본.kmz,
S0180,남부,안양시,,비산1동행정복지센터,37.3997435,126.9337529,,대형,대형,2400,1200,circle,정상,radius 기반 원형표시,구글 가청률 지도 최종본.kmz,
S0181,남부,안양시,,호계도서관,37.3834991,126.9504422,,대형,대형,2400,1200,circle,정상,radius 기반 원형표시,구글 가청률 지도 최종본.kmz,
S0182,남부,평택시,,평택호다목적,36.9160191,126.9061562,,소형,소형,,800,circle,정상,radius 기반 원형표시,구글 가청률 지도 최종본.kmz,
S0183,남부,평택시,,영상정보운영사업소,37.0010319,127.1223114,,중형,중형,,1000,circle,정상,radius 기반 원형표시,구글 가청률 지도 최종본.kmz,
S0184,남부,평택시,,평택항홍보관,36.9698672,126.8475394,,중형,중형,,1000,circle,정상,radius 기반 원형표시,구글 가청률 지도 최종본.kmz,
S0185,남부,평택시,,비전1동행정복지센터,37.0005183,127.0952672,,소형,소형,,798.3,circle,정상,radius 기반 원형표시,구글 가청률 지도 최종본.kmz,
S0186,남부,평택시,,고덕면행정복지센터,37.0423778,127.0180135,,소형,소형,,800.4,circle,정상,radius 기반 원형표시,구글 가청률 지도 최종본.kmz,
S0187,남부,평택시,,포승읍행정복지센터,36.9826054,126.8853606,,중형,중형,,798.7,circle,정상,radius 기반 원형표시,구글 가청률 지도 최종본.kmz,
S0188,남부,평택시,,농협은행평택시지부,36.9945257,127.0872352,,대형,대형,,1199.1,circle,정상,radius 기반 원형표시,구글 가청률 지도 최종본.kmz,
S0189,남부,평택시,,평택시청,36.9921615,127.1127735,,대형,대형,,1197.7,circle,정상,radius 기반 원형표시,구글 가청률 지도 최종본.kmz,
S0190,남부,평택시,,서부문화예술회관,36.9896318,126.919648,,대형,대형,,1197.2,circle,정상,radius 기반 원형표시,구글 가청률 지도 최종본.kmz,
S0191,남부,평택시,,팽성읍행정복지센터,36.9650173,127.0624405,,대형,대형,,1196.3,circle,정상,radius 기반 원형표시,구글 가청률 지도 최종본.kmz,
S0192,남부,평택시,,서정동행정복지센터,37.0676707,127.0546647,,대형,대형,,1198.5,circle,정상,radius 기반 원형표시,구글 가청률 지도 최종본.kmz,
S0193,남부,평택시,,신장1동행정복지센터,37.0827517,127.0532511,,대형,대형,,1197.7,circle,정상,radius 기반 원형표시,구글 가청률 지도 최종본.kmz,
S0194,남부,평택시,,오성면행정복지센터,37.0071846,126.9795866,,중형,중형,,798.8,circle,정상,radius 기반 원형표시,구글 가청률 지도 최종본.kmz,
S0195,남부,평택시,,원평동행정복지센터,36.9893096,127.0805867,,DMB,DMB경보사이렌,,801,circle,정상,radius 기반 원형표시,구글 가청률 지도 최종본.kmz,
S0196,남부,평택시,,팽성읍 원정리마을회관,36.9745914,127.0416126,,DMB,DMB경보사이렌,,801.2,circle,정상,radius 기반 원형표시,구글 가청률 지도 최종본.kmz,
S0197,남부,평택시,,팽성읍 신궁리마을회관,36.9778588,127.0746604,,DMB,DMB경보사이렌,,801.1,circle,정상,radius 기반 원형표시,구글 가청률 지도 최종본.kmz,
S0198,남부,평택시,,팽성읍 석봉리마을회관,36.9840779,127.0414319,,DMB,DMB경보사이렌,,800,circle,정상,radius 기반 원형표시,구글 가청률 지도 최종본.kmz,
S0199,남부,평택시,,진위면행정복지센터,37.0998385,127.091011,,DMB,DMB경보사이렌,,800.7,circle,정상,radius 기반 원형표시,구글 가청률 지도 최종본.kmz,
S0200,남부,평택시,,서탄면행정복지센터,37.1081608,127.0351876,,DMB,DMB경보사이렌,,801.2,circle,정상,radius 기반 원형표시,구글 가청률 지도 최종본.kmz,
S0201,남부,평택시,,고덕면 문곡리마을회관,37.0601259,127.0055953,,DMB,DMB경보사이렌,,800.1,circle,정상,radius 기반 원형표시,구글 가청률 지도 최종본.kmz,
S0202,남부,평택시,,청북읍행정복지센터,37.0400364,126.934578,,DMB,DMB경보사이렌,,801.7,circle,정상,radius 기반 원형표시,구글 가청률 지도 최종본.kmz,
S0203,남부,평택시,,통복동행정복지센터,37.0008488,127.0872866,,DMB,DMB경보사이렌,,800.3,circle,정상,radius 기반 원형표시,구글 가청률 지도 최종본.kmz,
S0204,남부,평택시,,송탄동행정복지센터,37.0443512,127.0950107,,DMB,DMB,,798.8,circle,정상,radius 기반 원형표시,구글 가청률 지도 최종본.kmz,
S0205,남부,평택시,,오성면 안화리마을회관,37.0192034,126.9978735,,DMB,DMB,,798.5,circle,정상,radius 기반 원형표시,구글 가청률 지도 최종본.kmz,
S0206,남부,평택시,,현덕면행정복지센터,36.9673144,126.9215963,,DMB,DMB,,799.6,circle,정상,radius 기반 원형표시,구글 가청률 지도 최종본.kmz,
S0207,남부,평택시,,안중읍행정복지센터,36.9857025,126.9319394,,DMB,DMB,,798.7,circle,정상,radius 기반 원형표시,구글 가청률 지도 최종본.kmz,
S0208,남부,평택시,,청북도서관,37.0205367,126.9180521,,중형,중형,1200,1000,circle,정상,radius 기반 원형표시,구글 가청률 지도 최종본.kmz,
S0209,남부,시흥시,,시흥시청,37.3799714,126.8028701,,대형,대형,2400,1200,circle,정상,radius 기반 원형표시,구글 가청률 지도 최종본.kmz,
S0210,남부,시흥시,,다다커뮤니티센터,37.4429407,126.7885077,,대형,대형,2400,1200,circle,정상,radius 기반 원형표시,구글 가청률 지도 최종본.kmz,
S0211,남부,시흥시,,신천동행정복지센터,37.4353673,126.7817318,,중형,중형,1200,1000,circle,정상,radius 기반 원형표시,구글 가청률 지도 최종본.kmz,
S0212,남부,시흥시,,군자동행정복지센터,37.3398538,126.7849841,,대형,대형,2400,1205.7,circle,정상,radius 기반 원형표시,구글 가청률 지도 최종본.kmz,
S0213,남부,시흥시,,은행동행정복지센터,37.4362673,126.797963,,대형,대형,2400,1200,circle,정상,radius 기반 원형표시,구글 가청률 지도 최종본.kmz,
S0214,남부,시흥시,,정왕본동행정복지센터,37.3490769,126.7462562,,대형,대형,2400,1200,circle,정상,radius 기반 원형표시,구글 가청률 지도 최종본.kmz,
S0215,남부,시흥시,,정왕2동행정복지센터,37.3508875,126.7288865,,중형,중형,1200,1000,circle,정상,radius 기반 원형표시,구글 가청률 지도 최종본.kmz,
S0216,남부,시흥시,,월곶동문화센터,37.3886605,126.7362318,,중형,중형,1200,1000,circle,정상,radius 기반 원형표시,구글 가청률 지도 최종본.kmz,
S0217,남부,시흥시,,맑은물관리센터,37.337511,126.6964745,,대형,대형,2400,1200,circle,정상,radius 기반 원형표시,구글 가청률 지도 최종본.kmz,
S0218,남부,시흥시,,신현동행정복지센터,37.4061382,126.7845991,,DMB,DMB,,800.6,circle,정상,radius 기반 원형표시,구글 가청률 지도 최종본.kmz,
S0219,남부,시흥시,,매화동행정복지센터,37.4175368,126.8155151,,DMB,DMB,,801,circle,정상,radius 기반 원형표시,구글 가청률 지도 최종본.kmz,
S0220,남부,시흥시,,목감동행정복지센터,37.3845533,126.8573343,,DMB,DMB,,802,circle,정상,radius 기반 원형표시,구글 가청률 지도 최종본.kmz,
S0221,남부,시흥시,,과림동행정복지센터,37.4367664,126.8328067,,DMB,DMB,,800.7,circle,정상,radius 기반 원형표시,구글 가청률 지도 최종본.kmz,
S0222,남부,시흥시,,능곡동행정복지센터,37.3661102,126.8157628,,중형,중형,1200,1002.1,circle,정상,radius 기반 원형표시,구글 가청률 지도 최종본.kmz,
S0223,남부,시흥시,,장곡동행정복지센터,37.3777052,126.7878742,,중형,중형,1200,1000,circle,정상,radius 기반 원형표시,구글 가청률 지도 최종본.kmz,
S0224,남부,시흥시,,배곧1동행정복지센터,37.3717144,126.7357718,,중형,중형,1200,1000,circle,정상,radius 기반 원형표시,구글 가청률 지도 최종본.kmz,
S0225,남부,시흥시,,정왕1동행정복지센터,37.3401506,126.7440023,,중형,중형,1200,1000,circle,정상,radius 기반 원형표시,구글 가청률 지도 최종본.kmz,
S0226,남부,시흥시,,시흥시외국인복지센터,37.3359343,126.7297749,,중형,중형,1200,1000,circle,정상,radius 기반 원형표시,구글 가청률 지도 최종본.kmz,
S0227,남부,시흥시,,배곧2동행정복지센터,37.3610802,126.7123147,,대형,대형,2400,1200,circle,정상,radius 기반 원형표시,구글 가청률 지도 최종본.kmz,
S0228,남부,김포시,,통진읍행정복지센터,37.6917425,126.5973591,김포시 통진읍 김포대로2250번길 24-11,대형,대형,2400,1935,circle,정상,radius 기반 원형표시,구글 가청률 지도 최종본.kmz,
S0229,남부,김포시,,수참2리마을회관,37.6801925,126.6293288,김포시 통진읍 김포대로1938번길 60,중형,중형,1200,1458,circle,정상,radius 기반 원형표시,구글 가청률 지도 최종본.kmz,
S0230,남부,김포시,,고촌읍행정복지센터,37.6033556,126.7709611,김포시 월곶면 문수산로 373,대형,대형,2400,1935,circle,정상,radius 기반 원형표시,구글 가청률 지도 최종본.kmz,
S0231,남부,김포시,,양촌읍행정복지센터,37.6572534,126.6254145,김포시 양촌읍 양곡1로56번길 49,중형,중형,1200,1458,circle,정상,radius 기반 원형표시,구글 가청률 지도 최종본.kmz,
S0232,남부,김포시,,대곶면행정복지센터,37.6490455,126.5818948,김포시 대곶면 율생로 83-23,중형,중형,1200,1458,circle,정상,radius 기반 원형표시,구글 가청률 지도 최종본.kmz,
S0233,남부,김포시,,월곶면행정복지센터,37.7150218,126.552921,김포시 월곶면 군하로276번길 20,중형,중형,1200,1458,circle,정상,radius 기반 원형표시,구글 가청률 지도 최종본.kmz,
S0234,남부,김포시,,포내1리마을회관,37.7208007,126.527447,김포시 월곶면 포내로83번길 12,중형,중형,1200,1458,circle,보조도형확인,radius 기반 원형표시,구글 가청률 지도 최종본.kmz,보조 도형 존재
S0235,남부,김포시,,보구곶리대피소,37.7575406,126.529774,김포시 월곶면 문수산로 373,중형,중형,1200,1458,circle,정상,radius 기반 원형표시,구글 가청률 지도 최종본.kmz,
S0236,남부,김포시,,용강리 구)마을회관,37.7569629,126.5541336,김포시 월곶면 용강리 335-11,중형,중형,1200,1458,circle,보조도형확인,radius 기반 원형표시,구글 가청률 지도 최종본.kmz,보조 도형 존재
S0237,남부,김포시,,하성면행정복지센터,37.7198155,126.6309761,김포시 하성면 애기봉로 845,중형,중형,1200,1458,circle,정상,radius 기반 원형표시,구글 가청률 지도 최종본.kmz,
S0238,남부,김포시,,석탄5리마을회관,37.7299543,126.651971,김포시 하성면 석평로 222,중형,중형,1200,1458,circle,보조도형확인,radius 기반 원형표시,구글 가청률 지도 최종본.kmz,보조 도형 존재
S0239,남부,김포시,,마조1리마을회관,37.7419779,126.6333365,김포시 하성면 하성로794번길 12,중형,중형,1200,1458,circle,보조도형확인,radius 기반 원형표시,구글 가청률 지도 최종본.kmz,보조 도형 존재
S0240,남부,김포시,,김포본동행정복지센터,37.6274392,126.7056889,김포시 북변동 북변1로 13,중형,중형,1200,1156,circle,정상,radius 기반 원형표시,구글 가청률 지도 최종본.kmz,
S0241,남부,김포시,,장기본동행정복지센터,37.65234,126.6717398,김포시 장기동 김포대로 4133,대형,대형,2400,1569,circle,정상,radius 기반 원형표시,구글 가청률 지도 최종본.kmz,
S0242,남부,김포시,,장릉배수지,37.6146359,126.7128748,김포시 사우동 1312-2,대형,대형,2400,1458,circle,정상,radius 기반 원형표시,구글 가청률 지도 최종본.kmz,
S0243,남부,김포시,,풍무동행정복지센터,37.6023037,126.7220213,김포시 풍무동 풍무로 74,중형,중형,1200,1156,circle,정상,radius 기반 원형표시,구글 가청률 지도 최종본.kmz,
S0244,남부,김포시,,장기동행정복지센터,37.6397116,126.6714318,김포시 김포한강2로 112,중형,중형,1200,1156,circle,정상,radius 기반 원형표시,구글 가청률 지도 최종본.kmz,
S0245,남부,김포시,,구래동행정복지센터,37.6465339,126.6236968,김포시 김포한강2로 112,중형,중형,1200,1156,circle,정상,radius 기반 원형표시,구글 가청률 지도 최종본.kmz,
S0246,남부,김포시,,운양동행정복지센터,37.6514373,126.6830982,김포시 운양동 568-1,중형,중형,1200,1156,circle,정상,radius 기반 원형표시,구글 가청률 지도 최종본.kmz,
S0247,남부,김포시,,마산동행정복지센터,37.6434833,126.6411813,,중형,중형,1200,998.5,circle,정상,radius 기반 원형표시,구글 가청률 지도 최종본.kmz,
S0248,남부,광명시,,광명시청,37.4785482,126.8646372,,대형,대형,,1200,circle,정상,radius 기반 원형표시,구글 가청률 지도 최종본.kmz,
S0249,남부,광명시,,하안1동주민센터,37.4652395,126.8692665,,중형,중형,,1000,circle,정상,radius 기반 원형표시,구글 가청률 지도 최종본.kmz,
S0250,남부,광명시,,하안배수펌프장,37.4680869,126.8806844,,중형,중형,,1000,circle,정상,radius 기반 원형표시,구글 가청률 지도 최종본.kmz,
S0251,남부,광명시,,소하1동주민센터,37.4522844,126.8851659,,대형,대형,,1200,circle,정상,radius 기반 원형표시,구글 가청률 지도 최종본.kmz,
S0252,남부,광명시,,소하2동주민센터,37.4321974,126.8803984,,대형,대형,,1200,circle,정상,radius 기반 원형표시,구글 가청률 지도 최종본.kmz,
S0253,남부,광명시,,온신초등학교,37.4428076,126.8458014,,대형,대형,,1200,circle,정상,radius 기반 원형표시,구글 가청률 지도 최종본.kmz,
S0254,남부,광명시,,학온동주민센터,37.4153925,126.8513334,,중형,중형,1200,1000,circle,정상,radius 기반 원형표시,구글 가청률 지도 최종본.kmz,
S0255,남부,광명시,,광명7동행정복지센터,37.4693376,126.8531416,,중형,중형,1200,1000,circle,정상,radius 기반 원형표시,구글 가청률 지도 최종본.kmz,
S0256,남부,광명시,,철산배수펌프장,37.4915011,126.8689225,,중형,중형,1200,1000,circle,정상,radius 기반 원형표시,구글 가청률 지도 최종본.kmz,
S0257,남부,광명시,,광명역세권 난청지역,37.4126602,126.8817603,,,,,1000,circle,정상,radius 기반 원형표시,구글 가청률 지도 최종본.kmz,
S0258,남부,광주시,,오포읍행정복지센터,37.3664954,127.2286776,,대형,대형,2400,1200,circle,정상,radius 기반 원형표시,구글 가청률 지도 최종본.kmz,
S0259,남부,광주시,,능평3리마을회관,37.3457909,127.1805377,,소형,소형,600,800,circle,정상,radius 기반 원형표시,구글 가청률 지도 최종본.kmz,
S0260,남부,광주시,,초월읍행정복지센터,37.3852014,127.2879445,,중형,중형,1200,1000,circle,정상,radius 기반 원형표시,구글 가청률 지도 최종본.kmz,
S0261,남부,광주시,,곤지암도서관,37.348902,127.3410226,,중형,중형,1200,1000,circle,정상,radius 기반 원형표시,구글 가청률 지도 최종본.kmz,
S0262,남부,광주시,,곤지암읍행정복지센터,37.3493283,127.3532781,,소형,소형,300,400,circle,정상,radius 기반 원형표시,구글 가청률 지도 최종본.kmz,
S0263,남부,광주시,,도척면행정복지센터,37.3046287,127.3312481,,소형,소형,300,400,circle,정상,radius 기반 원형표시,구글 가청률 지도 최종본.kmz,
S0264,남부,광주시,,퇴촌면행정복지센터,37.4666333,127.3070282,,DMB,DMB경보사이렌,,800,circle,정상,radius 기반 원형표시,구글 가청률 지도 최종본.kmz,
S0265,남부,광주시,,남종면행정복지센터,37.4941328,127.3017178,,DMB,DMB경보사이렌,,800,circle,정상,radius 기반 원형표시,구글 가청률 지도 최종본.kmz,
S0266,남부,광주시,,남한산성면행정복지센터,37.4632748,127.2446416,,DMB,DMB경보사이렌,,800,circle,정상,radius 기반 원형표시,구글 가청률 지도 최종본.kmz,
S0267,남부,광주시,,곤지암농협만선지점,37.3666159,127.4044989,,DMB,DMB경보사이렌,,800,circle,정상,radius 기반 원형표시,구글 가청률 지도 최종본.kmz,
S0268,남부,광주시,,광남동행정복지센터,37.3889777,127.2298111,,DMB,DMB경보사이렌,,800,circle,정상,radius 기반 원형표시,구글 가청률 지도 최종본.kmz,
S0269,남부,광주시,,송정동행정복지센터,37.4196687,127.2460587,,DMB,DMB,,800,circle,정상,radius 기반 원형표시,구글 가청률 지도 최종본.kmz,
S0270,남부,광주시,,양벌1리 마을회관,37.3714622,127.2516516,,,,,998.9,circle,정상,radius 기반 원형표시,구글 가청률 지도 최종본.kmz,
S0271,남부,광주시,,산이1리 마을회관,37.3621316,127.3127562,,,,,998.6,circle,정상,radius 기반 원형표시,구글 가청률 지도 최종본.kmz,
S0272,남부,광주시,,경안동행정복지센터,37.4108529,127.257222,,대형,대형,2400,1200,circle,정상,radius 기반 원형표시,구글 가청률 지도 최종본.kmz,
S0273,남부,광주시,,광주시청,37.4293518,127.2551919,,중형,중형,1200,994.9,circle,정상,radius 기반 원형표시,구글 가청률 지도 최종본.kmz,
S0274,남부,군포시,,군포1동주민센터,37.3535642,126.9455322,,대형,대형,2400,1200,circle,정상,radius 기반 원형표시,구글 가청률 지도 최종본.kmz,
S0275,남부,군포시,,군포1동창업보육센터,37.3529578,126.9576363,,중형,중형,1200,1000,circle,정상,radius 기반 원형표시,구글 가청률 지도 최종본.kmz,
S0276,남부,군포시,,군포2동주민센터,37.3462425,126.9430452,,대형,대형,2400,1500,circle,정상,radius 기반 원형표시,구글 가청률 지도 최종본.kmz,
S0277,남부,군포시,,부곡도서관,37.3239381,126.9357288,,중형,중형,1200,1000,circle,정상,radius 기반 원형표시,구글 가청률 지도 최종본.kmz,
S0278,남부,군포시,,산본1동주민센터,37.3731951,126.9385349,,대형,대형,2400,1200,circle,정상,radius 기반 원형표시,구글 가청률 지도 최종본.kmz,
S0279,남부,군포시,,금정동주민센터,37.3653139,126.939363,,중형,중형,1200,1000,circle,정상,radius 기반 원형표시,구글 가청률 지도 최종본.kmz,
S0280,남부,군포시,,군포시청,37.3616092,126.935151,,대형,대형,2400,1200,circle,정상,radius 기반 원형표시,구글 가청률 지도 최종본.kmz,
S0281,남부,군포시,,오금동주민센터,37.3510459,126.9294736,,대형,대형,2400,1200,circle,정상,radius 기반 원형표시,구글 가청률 지도 최종본.kmz,
S0282,남부,군포시,,수리동주민센터,37.3560525,126.920929,,중형,중형,1200,1000,circle,정상,radius 기반 원형표시,구글 가청률 지도 최종본.kmz,
S0283,남부,군포시,,궁내동주민센터,37.3595447,126.9218068,,중형,중형,1200,1000,circle,정상,radius 기반 원형표시,구글 가청률 지도 최종본.kmz,
S0284,남부,군포시,,대야동주민센터,37.3302518,126.9153374,,중형,중형,2400,1200,circle,정상,radius 기반 원형표시,구글 가청률 지도 최종본.kmz,
S0285,남부,군포시,,송부동행정복지센터,37.3161973,126.9238668,,중형,중형,1200,1000,circle,정상,radius 기반 원형표시,구글 가청률 지도 최종본.kmz,
S0286,남부,군포시,,난청지역,37.3359085,126.8901085,,,,,980.7,circle,정상,radius 기반 원형표시,구글 가청률 지도 최종본.kmz,
S0287,남부,이천시,,이천시종합복지타운,37.2779127,127.4410085,,대형,대형,,1200,circle,정상,radius 기반 원형표시,구글 가청률 지도 최종본.kmz,
S0288,남부,이천시,,장호원읍행정복지센터,37.1146861,127.6169733,,대형,대형,,1200,circle,정상,radius 기반 원형표시,구글 가청률 지도 최종본.kmz,
S0289,남부,이천시,,부발읍행정복지센터,37.2836472,127.4869025,,대형,대형,,1200,circle,정상,radius 기반 원형표시,구글 가청률 지도 최종본.kmz,
S0290,남부,이천시,,이천시청,37.2717071,127.4346671,,중형,중형,,1000,circle,정상,radius 기반 원형표시,구글 가청률 지도 최종본.kmz,
S0291,남부,이천시,,마장면행정복지센터,37.2487134,127.3581564,,중형,중형,,1000,circle,정상,radius 기반 원형표시,구글 가청률 지도 최종본.kmz,
S0292,남부,이천시,,증포동행정복지센터,37.2902525,127.4526697,,중형,중형,,1000,circle,정상,radius 기반 원형표시,구글 가청률 지도 최종본.kmz,
S0293,남부,이천시,,신둔면행정복지센터,37.3060672,127.4040186,,소형,소형,,800,circle,정상,radius 기반 원형표시,구글 가청률 지도 최종본.kmz,
S0294,남부,이천시,,백사면행정복지센터,37.3390354,127.4905651,,소형,소형,,800,circle,정상,radius 기반 원형표시,구글 가청률 지도 최종본.kmz,
S0295,남부,이천시,,대월면행정복지센터,37.2297217,127.4921487,,소형,소형,,800,circle,정상,radius 기반 원형표시,구글 가청률 지도 최종본.kmz,
S0296,남부,이천시,,단월1통마을회관,37.2234313,127.4522093,,소형,소형,,800,circle,정상,radius 기반 원형표시,구글 가청률 지도 최종본.kmz,
S0297,남부,이천시,,모가면행정복지센터,37.1717002,127.4800085,,소형,소형,,800,circle,정상,radius 기반 원형표시,구글 가청률 지도 최종본.kmz,
S0298,남부,이천시,,설성면행정복지센터,37.1323564,127.5219321,,소형,소형,,800,circle,정상,radius 기반 원형표시,구글 가청률 지도 최종본.kmz,
S0299,남부,이천시,,호법면행정복지센터,37.2227389,127.4247245,,DMB,DMB,,800,circle,정상,radius 기반 원형표시,구글 가청률 지도 최종본.kmz,
S0300,남부,이천시,,율면행정복지센터,37.0941264,127.5463316,,DMB,DMB,,800,circle,정상,radius 기반 원형표시,구글 가청률 지도 최종본.kmz,
S0301,남부,오산시,,오산시청,37.1498874,127.0778504,,대형,대형,,1200,circle,정상,radius 기반 원형표시,구글 가청률 지도 최종본.kmz,
S0302,남부,오산시,,원동초등학교,37.1356124,127.0693144,,대형,대형,,1200,circle,정상,radius 기반 원형표시,구글 가청률 지도 최종본.kmz,
S0303,남부,오산시,,오산대학교,37.1561505,127.0621475,,중형,중형,,1000,circle,정상,radius 기반 원형표시,구글 가청률 지도 최종본.kmz,
S0304,남부,오산시,,세마동행정복지센터,37.1882488,127.0407796,,중형,중형,,1000,circle,정상,radius 기반 원형표시,구글 가청률 지도 최종본.kmz,
S0305,남부,오산시,,초평동행정복지센터,37.139911,127.0406777,,중형,중형,,1000,circle,정상,radius 기반 원형표시,구글 가청률 지도 최종본.kmz,
S0306,남부,오산시,,고현동 마을회관,37.1307816,127.0889075,,DMB,DMB,,800,circle,정상,radius 기반 원형표시,구글 가청률 지도 최종본.kmz,
S0307,남부,오산시,,신장동행정복지센터,37.1766371,127.0545318,,중형,중형,1200,1000,circle,정상,radius 기반 원형표시,구글 가청률 지도 최종본.kmz,
S0308,남부,하남시,,하남시청,37.5392355,127.2152258,,대형,대형,2400,1200,circle,정상,radius 기반 원형표시,구글 가청률 지도 최종본.kmz,
S0309,남부,하남시,,천현동행정복지센터,37.5192117,127.2240302,,대형,대형,2400,1200,circle,정상,radius 기반 원형표시,구글 가청률 지도 최종본.kmz,
S0310,남부,하남시,,덕풍1동행정복지센터,37.5351867,127.1985135,,대형,대형,2400,1200,circle,정상,radius 기반 원형표시,구글 가청률 지도 최종본.kmz,
S0311,남부,하남시,,덕풍3동행정복지센터,37.5525106,127.2048815,,중형,중형,1200,1000,circle,정상,radius 기반 원형표시,구글 가청률 지도 최종본.kmz,
S0312,남부,하남시,,감북동행정복지센터,37.5161554,127.1617308,,대형,대형,2400,1200,circle,정상,radius 기반 원형표시,구글 가청률 지도 최종본.kmz,
S0313,남부,하남시,,미사2동행정복지센터,37.5670066,127.1860529,,중형,중형,1200,1000,circle,정상,radius 기반 원형표시,구글 가청률 지도 최종본.kmz,
S0314,남부,하남시,,위례동행정복지센터,37.4773496,127.1524681,,중형,중형,1200,1000,circle,정상,radius 기반 원형표시,구글 가청률 지도 최종본.kmz,
S0315,남부,안성시,,안성시청,37.0079695,127.2796786,,대형,대형,2400,1201.7,circle,정상,radius 기반 원형표시,구글 가청률 지도 최종본.kmz,
S0316,남부,안성시,,공도읍사무소,37.0010464,127.1726362,,중형,중형,1200,1000,circle,정상,radius 기반 원형표시,구글 가청률 지도 최종본.kmz,
S0317,남부,안성시,,공도읍중복리회관,36.9710989,127.1410288,,DMB,DMB,800,800.2,circle,정상,radius 기반 원형표시,구글 가청률 지도 최종본.kmz,
S0318,남부,안성시,,진사도서관,36.9940762,127.1444698,,중형,중형,1200,999.8,circle,정상,radius 기반 원형표시,구글 가청률 지도 최종본.kmz,
S0319,남부,안성시,,대덕면사무소,37.0124067,127.2380032,,대형,대형,2400,1002.3,circle,정상,radius 기반 원형표시,구글 가청률 지도 최종본.kmz,
S0320,남부,안성시,,내리마을회관,36.9994356,127.2231091,,중형,중형,1200,1014,circle,정상,radius 기반 원형표시,구글 가청률 지도 최종본.kmz,
S0321,남부,안성시,,고삼면사무소,37.0810294,127.2635289,,중형,중형,1200,1089.8,circle,정상,radius 기반 원형표시,구글 가청률 지도 최종본.kmz,
S0322,남부,안성시,,고삼면 대갈리회관,37.0640264,127.2489039,,DMB,DMB,800,799.2,circle,정상,radius 기반 원형표시,구글 가청률 지도 최종본.kmz,
S0323,남부,안성시,,양성면사무소,37.0599261,127.1948798,,중형,중형,1200,1013.2,circle,정상,radius 기반 원형표시,구글 가청률 지도 최종본.kmz,
S0324,남부,안성시,,보개면사무소,37.0228045,127.2908611,,소형,소형,600,794.6,circle,정상,radius 기반 원형표시,구글 가청률 지도 최종본.kmz,
S0325,남부,안성시,,죽산면사무소,37.0773118,127.420834,,소형,소형,600,795.7,circle,정상,radius 기반 원형표시,구글 가청률 지도 최종본.kmz,
S0326,남부,안성시,,삼죽면사무소,37.069303,127.3811991,,소형,소형,600,801.5,circle,정상,radius 기반 원형표시,구글 가청률 지도 최종본.kmz,
S0327,남부,안성시,,금광면 벤처타운,37.0010196,127.3226697,,DMB,DMB,800,799.1,circle,정상,radius 기반 원형표시,구글 가청률 지도 최종본.kmz,
S0328,남부,안성시,,금광면 개산경로당,36.984621,127.3026904,,DMB,DMB,800,799.9,circle,정상,radius 기반 원형표시,구글 가청률 지도 최종본.kmz,
S0329,남부,안성시,,서운면사무소,36.9430602,127.259293,,DMB,DMB,800,803.9,circle,정상,radius 기반 원형표시,구글 가청률 지도 최종본.kmz,
S0330,남부,안성시,,원곡면사무소,37.0397352,127.1295178,,DMB,DMB,800,803.2,circle,정상,radius 기반 원형표시,구글 가청률 지도 최종본.kmz,
S0331,남부,안성시,,일죽면사무소,37.090574,127.4769901,,DMB,DMB,800,802.2,circle,정상,radius 기반 원형표시,구글 가청률 지도 최종본.kmz,
S0332,남부,안성시,,미양면사무소,36.9753167,127.2152248,,DMB,DMB,,800,circle,정상,radius 기반 원형표시,구글 가청률 지도 최종본.kmz,
S0333,남부,안성시,,공도읍(송정아파트 난청지역),37.004524,127.2007692,,,,,804.7,circle,정상,radius 기반 원형표시,구글 가청률 지도 최종본.kmz,
S0334,남부,의왕시,,고천동주민센터,37.3458449,126.9769308,,대형,대형,2400,1200,circle,정상,radius 기반 원형표시,구글 가청률 지도 최종본.kmz,
S0335,남부,의왕시,,부곡동주민센터,37.3186269,126.9567816,,대형,대형,2400,1200,circle,정상,radius 기반 원형표시,구글 가청률 지도 최종본.kmz,
S0336,남부,의왕시,,오전동주민센터,37.3535329,126.9715039,,DMB,DMB경보사이렌,800,800,circle,정상,radius 기반 원형표시,구글 가청률 지도 최종본.kmz,
S0337,남부,의왕시,,내손2동주민센터,37.3876542,126.9815612,,대형,대형,2400,1200,circle,정상,radius 기반 원형표시,구글 가청률 지도 최종본.kmz,
S0338,남부,의왕시,,청계동주민센터,37.388607,126.9959713,,대형,대형,2400,1200,circle,정상,radius 기반 원형표시,구글 가청률 지도 최종본.kmz,
S0339,남부,의왕시,,청계동 백운밸리 커뮤니티센터,37.370309,127.0076248,,,,,1002.6,circle,정상,radius 기반 원형표시,구글 가청률 지도 최종본.kmz,
S0340,남부,의왕시,,농업기술센터,37.2537781,127.6377221,,,,,998,circle,정상,radius 기반 원형표시,구글 가청률 지도 최종본.kmz,
S0341,남부,의왕시,,어린이비전센터,37.7168901,127.19123,,,,,1000.5,circle,정상,radius 기반 원형표시,구글 가청률 지도 최종본.kmz,
S0342,남부,남양주시,,묵현복지문화센터,37.655667,127.2736397,,,,,999.6,circle,정상,radius 기반 원형표시,구글 가청률 지도 최종본.kmz,
S0343,남부,여주시,,가남읍행정복지센터,37.2018338,127.5451772,,소형,소형,,400,circle,정상,radius 기반 원형표시,구글 가청률 지도 최종본.kmz,
S0344,남부,여주시,,점동면사무소,37.2060904,127.662579,,소형,소형,,400,circle,정상,radius 기반 원형표시,구글 가청률 지도 최종본.kmz,
S0345,남부,여주시,,능서면사무소,37.3002161,127.5735,,소형,소형,,400,circle,정상,radius 기반 원형표시,구글 가청률 지도 최종본.kmz,
S0346,남부,여주시,,흥천면사무소,37.3331742,127.5413013,,소형,소형,,400,circle,정상,radius 기반 원형표시,구글 가청률 지도 최종본.kmz,
S0347,남부,여주시,,금사면사무소,37.3925911,127.5333319,,소형,소형,,400,circle,정상,radius 기반 원형표시,구글 가청률 지도 최종본.kmz,
S0348,남부,여주시,,산북면사무소,37.4017404,127.4429553,,소형,소형,,400,circle,정상,radius 기반 원형표시,구글 가청률 지도 최종본.kmz,
S0349,남부,여주시,,대신면사무소,37.3750667,127.5865858,,소형,소형,,400,circle,정상,radius 기반 원형표시,구글 가청률 지도 최종본.kmz,
S0350,남부,여주시,,북내면사무소,37.3293116,127.6789585,,DMB,DMB,,800,circle,정상,radius 기반 원형표시,구글 가청률 지도 최종본.kmz,
S0351,남부,여주시,,강천면사무소,37.2729234,127.71152,,DMB,DMB경보사이렌,,800,circle,정상,radius 기반 원형표시,구글 가청률 지도 최종본.kmz,
S0352,남부,여주시,,여주시청,37.2982943,127.6374795,,대형,대형,,1200,circle,정상,radius 기반 원형표시,구글 가청률 지도 최종본.kmz,
S0353,남부,여주시,,오학동주민센터,37.3097056,127.6443218,,소형,소형,,400,circle,정상,radius 기반 원형표시,구글 가청률 지도 최종본.kmz,
S0354,남부,여주시,,중앙동행정복지센터,37.2986392,127.6289523,,중형,중형,,1000,circle,정상,radius 기반 원형표시,구글 가청률 지도 최종본.kmz,
S0355,남부,여주시,,세종초등학교,37.2799113,127.6340091,,중형,중형,,1000,circle,정상,radius 기반 원형표시,구글 가청률 지도 최종본.kmz,
S0356,남부,양평군,,양평군청,37.491725,127.4874861,,대형,대형,2400,1600,circle,정상,radius 기반 원형표시,구글 가청률 지도 최종본.kmz,
S0357,남부,양평군,,원덕1리 마을회관,37.4671889,127.5443472,,DMB,DMB경보사이렌,800,1000,circle,정상,radius 기반 원형표시,구글 가청률 지도 최종본.kmz,
S0358,남부,양평군,,회현2리 마을회관,37.4611245,127.509829,,DMB,DMB경보사이렌,800,800,circle,정상,radius 기반 원형표시,구글 가청률 지도 최종본.kmz,
S0359,남부,양평군,,도곡1리 마을회관,37.4859028,127.5143056,,DMB,DMB경보사이렌,800,800,circle,정상,radius 기반 원형표시,구글 가청률 지도 최종본.kmz,
S0360,남부,양평군,,강상면사무소,37.477166,127.4854782,,,,300,400,circle,정상,radius 기반 원형표시,구글 가청률 지도 최종본.kmz,
S0361,남부,양평군,,강하면사무소,37.4949389,127.4104556,,,,600,1000,circle,정상,radius 기반 원형표시,구글 가청률 지도 최종본.kmz,
S0362,남부,양평군,,양서면사무소,37.5439361,127.3260444,,,,600,1000,circle,정상,radius 기반 원형표시,구글 가청률 지도 최종본.kmz,
S0363,남부,양평군,,국수출장소,37.5134304,127.4019764,,중형,중형,1200,1001.4,circle,정상,radius 기반 원형표시,구글 가청률 지도 최종본.kmz,
S0364,남부,양평군,,옥천면사무소,37.5180494,127.456091,,중형,중형,1200,1450,circle,정상,radius 기반 원형표시,구글 가청률 지도 최종본.kmz,
S0365,남부,양평군,,서종면사무소,37.606625,127.34875,,DMB,DMB경보사이렌,800,1000,circle,정상,radius 기반 원형표시,구글 가청률 지도 최종본.kmz,
S0366,남부,양평군,,수입3리 마을회관,37.6443472,127.3886889,,DMB,DMB경보사이렌,800,1000,circle,정상,radius 기반 원형표시,구글 가청률 지도 최종본.kmz,
S0367,남부,양평군,,단월면사무소,37.5383806,127.6728972,,DMB,DMB경보사이렌,800,800.7,circle,정상,radius 기반 원형표시,구글 가청률 지도 최종본.kmz,
S0368,남부,양평군,,청운면사무소,37.5561868,127.7106737,,중형,중형,1200,1450,circle,정상,radius 기반 원형표시,구글 가청률 지도 최종본.kmz,
S0369,남부,양평군,,양동면사무소,37.4251806,127.7511694,,,,600,1000,circle,정상,radius 기반 원형표시,구글 가청률 지도 최종본.kmz,
S0370,남부,양평군,,삼산2리 마을회관,37.3954946,127.7766078,,DMB,DMB경보사이렌,800,800,circle,정상,radius 기반 원형표시,구글 가청률 지도 최종본.kmz,
S0371,남부,양평군,,지평면사무소,37.4743333,127.6391667,,중형,중형,1200,1450,circle,정상,radius 기반 원형표시,구글 가청률 지도 최종본.kmz,
S0372,남부,양평군,,용문면사무소,37.4867167,127.5956889,,,,600,1000,circle,정상,radius 기반 원형표시,구글 가청률 지도 최종본.kmz,
S0373,남부,양평군,,광탄1리 마을회관,37.5088056,127.6317833,,DMB,DMB경보사이렌,800,800.3,circle,정상,radius 기반 원형표시,구글 가청률 지도 최종본.kmz,
S0374,남부,양평군,,용문산 관광지 관리사무소,37.5452583,127.5830417,,DMB,DMB경보사이렌,800,800,circle,정상,radius 기반 원형표시,구글 가청률 지도 최종본.kmz,
S0375,남부,양평군,,개군면사무소,37.4259509,127.5367899,,,,600,1000,circle,정상,radius 기반 원형표시,구글 가청률 지도 최종본.kmz,
S0376,남부,과천시,,과천시청,37.429167,126.9876267,,대형,대형,,1200,circle,정상,radius 기반 원형표시,구글 가청률 지도 최종본.kmz,
S0377,남부,과천시,,과천동주민센터,37.4483407,126.9953851,,DMB,DMB,,800,circle,정상,radius 기반 원형표시,구글 가청률 지도 최종본.kmz,
S0378,북부,고양시,,고양시청(주교동),37.6584472,126.8320139,,대형,대형,2400,1200,circle,정상,radius 기반 원형표시,구글 가청률 지도 최종본.kmz,
S0379,북부,고양시,,신원도서관(원신동),37.6662861,126.8864306,,중형,중형,1200,1000,circle,정상,radius 기반 원형표시,구글 가청률 지도 최종본.kmz,
S0380,북부,고양시,,흥도동행정복지센터,37.6448972,126.8543611,,중형,중형,1200,1000,circle,정상,radius 기반 원형표시,구글 가청률 지도 최종본.kmz,
S0381,북부,고양시,,도내10통마을회관,37.6188806,126.8567722,,중형,중형,1200,1000,circle,보조도형확인,radius 기반 원형표시,구글 가청률 지도 최종본.kmz,보조 도형 존재
S0382,북부,고양시,,성사1동행정복지센터,37.6544972,126.8414167,,중형,중형,1200,1000,circle,정상,radius 기반 원형표시,구글 가청률 지도 최종본.kmz,
S0383,북부,고양시,,효자동행정복지센터,37.6518611,126.9206028,,대형,대형,2400,1200,circle,정상,radius 기반 원형표시,구글 가청률 지도 최종본.kmz,
S0384,북부,고양시,,신도동행정복지센터,37.65265,126.8938889,,대형,대형,2400,1200,circle,정상,radius 기반 원형표시,구글 가청률 지도 최종본.kmz,
S0385,북부,고양시,,고양동행정복지센터,37.7034,126.9037167,,대형,대형,2400,1200,circle,정상,radius 기반 원형표시,구글 가청률 지도 최종본.kmz,
S0386,북부,고양시,,관산동행정복지센터,37.68805,126.8624306,,대형,대형,2400,1200,circle,정상,radius 기반 원형표시,구글 가청률 지도 최종본.kmz,
S0387,북부,고양시,,종합사회복지관능곡센터,37.6240278,126.8184028,,대형,대형,2400,1200,circle,보조도형확인,radius 기반 원형표시,구글 가청률 지도 최종본.kmz,보조 도형 존재
S0388,북부,고양시,,신평동노인정,37.6237,126.7886222,,중형,중형,1200,1000,circle,보조도형확인,radius 기반 원형표시,구글 가청률 지도 최종본.kmz,보조 도형 존재
S0389,북부,고양시,,덕양구청(화정1동),37.6375556,126.8325167,,대형,대형,2400,1200,circle,정상,radius 기반 원형표시,구글 가청률 지도 최종본.kmz,
S0390,북부,고양시,,화정2동행정복지센터,37.6305722,126.8357028,,중형,중형,1200,1000,circle,정상,radius 기반 원형표시,구글 가청률 지도 최종본.kmz,
S0391,북부,고양시,,행주16통경로당,37.6015444,126.8168306,,중형,중형,1200,1000,circle,정상,radius 기반 원형표시,구글 가청률 지도 최종본.kmz,
S0392,북부,고양시,,행신2동행정복지센터,37.6151444,126.832975,,복합,복합,2400,1200,circle,정상,radius 기반 원형표시,구글 가청률 지도 최종본.kmz,
S0393,북부,고양시,,행신3동행정복지센터,37.6263889,126.8386167,,중형,중형,1200,1000,circle,정상,radius 기반 원형표시,구글 가청률 지도 최종본.kmz,
S0394,북부,고양시,,화전동행정복지센터,37.5999778,126.8727278,,대형,대형,2400,1200,circle,정상,radius 기반 원형표시,구글 가청률 지도 최종본.kmz,
S0395,북부,고양시,,대덕동행정복지센터,37.5855611,126.8751917,,중형,중형,1200,1000,circle,정상,radius 기반 원형표시,구글 가청률 지도 최종본.kmz,
S0396,북부,고양시,,식사동행정복지센터,37.6773917,126.8136639,,복합,복합,2400,1200,circle,정상,radius 기반 원형표시,구글 가청률 지도 최종본.kmz,
S0397,북부,고양시,,어침이공원,37.6861333,126.8110722,,중형,중형,1200,1000,circle,보조도형확인,radius 기반 원형표시,구글 가청률 지도 최종본.kmz,보조 도형 존재
S0398,북부,고양시,,중산동행정복지센터,37.6918417,126.7804556,,중형,중형,1200,1000,circle,정상,radius 기반 원형표시,구글 가청률 지도 최종본.kmz,
S0399,북부,고양시,,정발산동행정복지센터,37.6724889,126.7798611,,중형,중형,1200,1000,circle,정상,radius 기반 원형표시,구글 가청률 지도 최종본.kmz,
S0400,북부,고양시,,풍산동행정복지센터,37.6640028,126.7996333,,중형,중형,1200,1000,circle,정상,radius 기반 원형표시,구글 가청률 지도 최종본.kmz,
S0401,북부,고양시,,백석1동행정복지센터,37.6496833,126.7924389,,중형,중형,1200,1000,circle,정상,radius 기반 원형표시,구글 가청률 지도 최종본.kmz,
S0402,북부,고양시,,백석2동행정복지센터,37.6439556,126.785475,,중형,중형,1200,1000,circle,정상,radius 기반 원형표시,구글 가청률 지도 최종본.kmz,
S0403,북부,고양시,,KT플라자고양점,37.6558361,126.7761111,,대형,대형,2400,1200,circle,정상,radius 기반 원형표시,구글 가청률 지도 최종본.kmz,
S0404,북부,고양시,,장항1동행정복지센터,37.6416611,126.7704389,,중형,중형,1200,1000,circle,정상,radius 기반 원형표시,구글 가청률 지도 최종본.kmz,
S0405,북부,고양시,,고봉동행정복지센터,37.7018611,126.8272,,중형,중형,1200,1000,circle,정상,radius 기반 원형표시,구글 가청률 지도 최종본.kmz,
S0406,북부,고양시,,일산서구보건소(일산2동),37.6845194,126.7758194,,대형,대형,2400,1200,circle,정상,radius 기반 원형표시,구글 가청률 지도 최종본.kmz,
S0407,북부,고양시,,탄현동행정복지센터,37.6944028,126.7684056,,대형,대형,2400,1200,circle,정상,radius 기반 원형표시,구글 가청률 지도 최종본.kmz,
S0408,북부,고양시,,그랜드백화점일산점,37.6709722,126.7611667,,대형,대형,2400,1200,circle,정상,radius 기반 원형표시,구글 가청률 지도 최종본.kmz,
S0409,북부,고양시,,대화동행정복지센터,37.683025,126.7552194,,중형,중형,1200,1000,circle,정상,radius 기반 원형표시,구글 가청률 지도 최종본.kmz,
S0410,북부,고양시,,송포동행정복지센터,37.67155,126.7354806,,대형,대형,2400,1200,circle,정상,radius 기반 원형표시,구글 가청률 지도 최종본.kmz,
S0411,북부,고양시,,송산동행정복지센터,37.690975,126.7544028,,복합,복합,2400,1200,circle,정상,radius 기반 원형표시,구글 가청률 지도 최종본.kmz,
S0412,북부,고양시,,송산13통마을회관,37.6816667,126.7035944,,중형,중형,1200,1000,circle,보조도형확인,radius 기반 원형표시,구글 가청률 지도 최종본.kmz,보조 도형 존재
S0413,북부,고양시,,창릉동행정복지센터,37.6454931,126.8865998,,중형,중형,1200,1000,circle,정상,radius 기반 원형표시,구글 가청률 지도 최종본.kmz,
S0414,북부,남양주시,,와부조안행정복지센터,37.5854944,127.2170167,,대형,대형,,1202.1,circle,정상,radius 기반 원형표시,구글 가청률 지도 최종본.kmz,
S0415,북부,남양주시,,진접오남행정복지센터,37.7259694,127.1897861,,대형,대형,,1200,circle,정상,radius 기반 원형표시,구글 가청률 지도 최종본.kmz,
S0416,북부,남양주시,,화도수동행정복지센터,37.6578222,127.3007028,,대형,대형,,1200,circle,정상,radius 기반 원형표시,구글 가청률 지도 최종본.kmz,
S0417,북부,남양주시,,진건퇴계원행정복지센터,37.6556778,127.178175,,대형,대형,,1200,circle,정상,radius 기반 원형표시,구글 가청률 지도 최종본.kmz,
S0418,북부,남양주시,,오남읍사무소,37.6983361,127.2034889,,중형,중형,,1000,circle,정상,radius 기반 원형표시,구글 가청률 지도 최종본.kmz,
S0419,북부,남양주시,,별내면사무소,37.7026086,127.1248819,,DMB,DMB경보사이렌,,800,circle,정상,radius 기반 원형표시,구글 가청률 지도 최종본.kmz,
S0420,북부,남양주시,,별내도서관,37.7081444,127.1177056,,중형,중형,,1000,circle,정상,radius 기반 원형표시,구글 가청률 지도 최종본.kmz,
S0421,북부,남양주시,,퇴계원면사무소,37.6489639,127.1445194,,소형,소형,,800,circle,정상,radius 기반 원형표시,구글 가청률 지도 최종본.kmz,
S0422,북부,남양주시,,수동면사무소,37.7036194,127.3257056,,소형,소형,,800,circle,정상,radius 기반 원형표시,구글 가청률 지도 최종본.kmz,
S0423,북부,남양주시,,조안면사무소,37.5358444,127.3030778,,DMB,DMB경보사이렌,,800,circle,정상,radius 기반 원형표시,구글 가청률 지도 최종본.kmz,
S0424,북부,남양주시,,호평평내행정복지센터,37.6545444,127.2487861,,중형,중형,,1000,circle,정상,radius 기반 원형표시,구글 가청률 지도 최종본.kmz,
S0425,북부,남양주시,,평내동주민센터,37.6479528,127.2358194,,대형,대형,,1200,circle,정상,radius 기반 원형표시,구글 가청률 지도 최종본.kmz,
S0426,북부,남양주시,,금곡양정행정복지센터,37.6319278,127.20565,,대형,대형,,1200,circle,정상,radius 기반 원형표시,구글 가청률 지도 최종본.kmz,
S0427,북부,남양주시,,양정동주민센터,37.6160306,127.1871944,,중형,중형,,1000,circle,정상,radius 기반 원형표시,구글 가청률 지도 최종본.kmz,
S0428,북부,남양주시,,다산2동주민센터,37.6104528,127.1709361,,대형,대형,,1200,circle,정상,radius 기반 원형표시,구글 가청률 지도 최종본.kmz,
S0429,북부,남양주시,,동부출장소,37.6520278,127.33125,,소형,소형,,800,circle,정상,radius 기반 원형표시,구글 가청률 지도 최종본.kmz,
S0430,북부,남양주시,,별내동행정복지센터,37.6457528,127.1219667,,중형,중형,,1000,circle,정상,radius 기반 원형표시,구글 가청률 지도 최종본.kmz,
S0431,북부,남양주시,,다산1동행정복지센터,37.61391,127.1555368,,중형,중형,,1000,circle,정상,radius 기반 원형표시,구글 가청률 지도 최종본.kmz,
S0432,북부,남양주시,,화도읍 창현리,37.6355641,127.3099979,,중형,중형,,1000,circle,정상,radius 기반 원형표시,구글 가청률 지도 최종본.kmz,
S0433,북부,남양주시,,진접읍 내각리,37.705461,127.168294,,중형,중형,,1000,circle,정상,radius 기반 원형표시,구글 가청률 지도 최종본.kmz,
S0434,북부,남양주시,,진건배수펌프장,37.6333921,127.1510538,,DMB,DMB,,800,circle,정상,radius 기반 원형표시,구글 가청률 지도 최종본.kmz,
S0435,북부,남양주시,,스마트시티통합센터,37.6648787,127.1185765,,중형,중형,1200,1000,circle,정상,radius 기반 원형표시,구글 가청률 지도 최종본.kmz,
S0436,북부,의정부시,,의정부2동주민센터,37.7407369,127.0429167,,중형,중형,2400,1000,circle,정상,radius 기반 원형표시,구글 가청률 지도 최종본.kmz,
S0437,북부,의정부시,,호원1동주민센터,37.7121389,127.048764,,대형,대형,2400,1200,circle,정상,radius 기반 원형표시,구글 가청률 지도 최종본.kmz,
S0438,북부,의정부시,,호원2동행정복지센터,37.7264578,127.0431222,,소형,소형,800,800,circle,정상,radius 기반 원형표시,구글 가청률 지도 최종본.kmz,
S0439,북부,의정부시,,장암동주민센터,37.7263611,127.0542333,,중형,중형,1200,1000,circle,정상,radius 기반 원형표시,구글 가청률 지도 최종본.kmz,
S0440,북부,의정부시,,신곡2동주민센터,37.74375,127.0579011,,대형,대형,2400,1200,circle,정상,radius 기반 원형표시,구글 가청률 지도 최종본.kmz,
S0441,북부,의정부시,,송산1동주민센터,37.7311,127.0867333,,중형,중형,1200,1000,circle,정상,radius 기반 원형표시,구글 가청률 지도 최종본.kmz,
S0442,북부,의정부시,,송산2동행정복지센터,37.7396823,127.0899814,,대형,대형,2400,1200,circle,정상,radius 기반 원형표시,구글 가청률 지도 최종본.kmz,
S0443,북부,의정부시,,자금동주민센터,37.7504167,127.0581222,,중형,중형,1200,1000,circle,정상,radius 기반 원형표시,구글 가청률 지도 최종본.kmz,
S0444,북부,의정부시,,가능1동주민센터,37.7505528,127.0385028,,대형,대형,2400,1200,circle,정상,radius 기반 원형표시,구글 가청률 지도 최종본.kmz,
S0445,북부,의정부시,,흥선동행정복지센터,37.7462361,127.0306833,,중형,중형,1200,1000,circle,정상,radius 기반 원형표시,구글 가청률 지도 최종본.kmz,
S0446,북부,의정부시,,녹양동주민센터,37.7600954,127.0322921,,대형,대형,2400,1200,circle,정상,radius 기반 원형표시,구글 가청률 지도 최종본.kmz,
S0447,북부,의정부시,,송산3동행정복지센터,37.7533073,127.1136098,,중형,중형,1200,1000,circle,정상,radius 기반 원형표시,구글 가청률 지도 최종본.kmz,
S0448,북부,파주시,,문산읍행정복지센터,37.8568706,126.7911088,,대형,대형,,1200,circle,정상,radius 기반 원형표시,구글 가청률 지도 최종본.kmz,
S0449,북부,파주시,,임진각대피시설,37.8904478,126.7403761,,소형,소형,,800,circle,정상,radius 기반 원형표시,구글 가청률 지도 최종본.kmz,
S0450,북부,파주시,,장산1리 마을회관,37.8999956,126.7766589,,중형,중형,,1000,circle,정상,radius 기반 원형표시,구글 가청률 지도 최종본.kmz,
S0451,북부,파주시,,조리읍행정복지센터,37.7446647,126.8053861,,대형,대형,,1200,circle,정상,radius 기반 원형표시,구글 가청률 지도 최종본.kmz,
S0452,북부,파주시,,봉일천4리 경로당,37.739996,126.8219451,,중형,중형,,1000,circle,정상,radius 기반 원형표시,구글 가청률 지도 최종본.kmz,
S0453,북부,파주시,,장곡1리 마을회관,37.7542036,126.8387298,,중형,중형,,1000,circle,정상,radius 기반 원형표시,구글 가청률 지도 최종본.kmz,
S0454,북부,파주시,,법원읍행정복지센터,37.8492323,126.8823544,,대형,대형,,1200,circle,정상,radius 기반 원형표시,구글 가청률 지도 최종본.kmz,
S0455,북부,파주시,,파주읍행정복지센터,37.8306994,126.8197675,,대형,대형,,1200,circle,정상,radius 기반 원형표시,구글 가청률 지도 최종본.kmz,
S0456,북부,파주시,,광탄면행정복지센터,37.7761352,126.8513201,,중형,중형,,1000,circle,정상,radius 기반 원형표시,구글 가청률 지도 최종본.kmz,
S0457,북부,파주시,,창만1리 마을회관,37.8031081,126.8481382,,중형,중형,,1000,circle,정상,radius 기반 원형표시,구글 가청률 지도 최종본.kmz,
S0458,북부,파주시,,영장3리 마을회관,37.7718334,126.9012292,,중형,중형,,1000,circle,정상,radius 기반 원형표시,구글 가청률 지도 최종본.kmz,
S0459,북부,파주시,,탄현면행정복지센터,37.8025036,126.7159978,,중형,중형,,1000,circle,정상,radius 기반 원형표시,구글 가청률 지도 최종본.kmz,
S0460,북부,파주시,,만우리노인정,37.816075,126.6974528,,중형,중형,,1000,circle,정상,radius 기반 원형표시,구글 가청률 지도 최종본.kmz,
S0461,북부,파주시,,월롱면행정복지센터,37.7961305,126.7901893,,중형,중형,,1000,circle,정상,radius 기반 원형표시,구글 가청률 지도 최종본.kmz,
S0462,북부,파주시,,적성면행정복지센터,37.9542559,126.9176162,,중형,중형,,1000,circle,정상,radius 기반 원형표시,구글 가청률 지도 최종본.kmz,
S0463,북부,파주시,,어유지 보건진료소,37.9949214,126.9907692,,중형,중형,,1000,circle,정상,radius 기반 원형표시,구글 가청률 지도 최종본.kmz,
S0464,북부,파주시,,식현2리마을회관,37.9449583,126.882075,,중형,중형,,1000,circle,정상,radius 기반 원형표시,구글 가청률 지도 최종본.kmz,
S0465,북부,파주시,,파평면행정복지센터,37.9218974,126.837935,,중형,중형,,1000,circle,정상,radius 기반 원형표시,구글 가청률 지도 최종본.kmz,
S0466,북부,파주시,,교하동행정복지센터,37.7530105,126.7468959,,중형,중형,,1000,circle,정상,radius 기반 원형표시,구글 가청률 지도 최종본.kmz,
S0467,북부,파주시,,하지석리노인정,37.7598649,126.7482223,,중형,중형,,1000,circle,정상,radius 기반 원형표시,구글 가청률 지도 최종본.kmz,
S0468,북부,파주시,,운정1동행정복지센터,37.724264,126.7517731,,중형,중형,,1000,circle,정상,radius 기반 원형표시,구글 가청률 지도 최종본.kmz,
S0469,북부,파주시,,경기인력개발원,37.7141573,126.7443345,,중형,중형,,1000,circle,정상,radius 기반 원형표시,구글 가청률 지도 최종본.kmz,
S0470,북부,파주시,,파주시청,37.7601597,126.7797801,,대형,대형,,1200,circle,정상,radius 기반 원형표시,구글 가청률 지도 최종본.kmz,
S0471,북부,파주시,,금촌1동행정복지센터,37.7588179,126.7747073,,대형,대형,2400,1200,circle,정상,radius 기반 원형표시,구글 가청률 지도 최종본.kmz,
S0472,북부,파주시,,금촌2동행정복지센터,37.7516568,126.7772645,,중형,중형,,1000,circle,정상,radius 기반 원형표시,구글 가청률 지도 최종본.kmz,
S0473,북부,파주시,,장단출장소,37.9063619,126.7311115,,중형,중형,,1000,circle,정상,radius 기반 원형표시,구글 가청률 지도 최종본.kmz,
S0474,북부,파주시,,객현1리산머루체험관,37.9693008,126.9518903,,중형,중형,,1000,circle,정상,radius 기반 원형표시,구글 가청률 지도 최종본.kmz,
S0475,북부,파주시,,동파리마을회관,37.9259383,126.7871475,,중형,중형,1200,1000,circle,정상,radius 기반 원형표시,구글 가청률 지도 최종본.kmz,
S0476,북부,파주시,,장현2리마을회관(난청지역),37.9788918,126.9701498,,중형,중형,,1000,circle,정상,radius 기반 원형표시,구글 가청률 지도 최종본.kmz,
S0477,북부,파주시,,교하청소년문화의집,37.7239669,126.7154368,,중형,중형,1200,1000,circle,정상,radius 기반 원형표시,구글 가청률 지도 최종본.kmz,
S0478,북부,양주시,백석읍,백석읍행정복지센터,37.7946833,126.9852243,,중형,중형,,1250,circle,정상,radius 기반 원형표시,구글 가청률 지도 최종본.kmz,
S0479,북부,양주시,백석읍,기산하수처리장,37.7773354,126.9383106,,중형,중형,,1250,circle,정상,radius 기반 원형표시,구글 가청률 지도 최종본.kmz,
S0480,북부,양주시,백석읍,방성1리 마을회관,37.8003907,126.9995859,,중형,중형,1200,1250,circle,정상,radius 기반 원형표시,구글 가청률 지도 최종본.kmz,
S0481,북부,양주시,백석읍,홍죽2리마을회관,37.8015992,126.9560736,,중형,중형,,1250,circle,정상,radius 기반 원형표시,구글 가청률 지도 최종본.kmz,
S0482,북부,양주시,백석읍,복지1리마을회관,37.785032,126.9905212,,DMB,DMB경보사이렌,800,800,circle,정상,radius 기반 원형표시,구글 가청률 지도 최종본.kmz,
S0483,북부,양주시,백석읍,연곡1리 마을회관,37.8109807,126.9596477,,DMB,DMB경보사이렌,800,800,circle,정상,radius 기반 원형표시,구글 가청률 지도 최종본.kmz,
S0484,북부,양주시,은현면,은현면행정복지센터,37.8748643,127.0245073,,중형,중형,1200,1250,circle,정상,radius 기반 원형표시,구글 가청률 지도 최종본.kmz,
S0485,북부,양주시,은현면,용암1리마을회관,37.8517255,127.0375903,,중형,중형,,1250,circle,정상,radius 기반 원형표시,구글 가청률 지도 최종본.kmz,
S0486,북부,양주시,은현면,봉암리 마을회관,37.9080047,127.0079903,,DMB,DMB경보사이렌,800,800,circle,정상,radius 기반 원형표시,구글 가청률 지도 최종본.kmz,
S0487,북부,양주시,남면,남면행정복지센터,37.89764,126.9766352,,중형,중형,,1250,circle,정상,radius 기반 원형표시,구글 가청률 지도 최종본.kmz,
S0488,북부,양주시,남면,검준사업단지,37.8670445,126.9989192,,중형,중형,,1250,circle,정상,radius 기반 원형표시,구글 가청률 지도 최종본.kmz,
S0489,북부,양주시,남면,황방1리마을회관,37.9227377,126.9974119,,중형,중형,,1250,circle,정상,radius 기반 원형표시,구글 가청률 지도 최종본.kmz,
S0490,북부,양주시,광적면,광적면행정복지센터,37.8245373,126.9836599,,중형,중형,,1250,circle,정상,radius 기반 원형표시,구글 가청률 지도 최종본.kmz,
S0491,북부,양주시,광적면,효촌2리 마을회관,37.8614728,126.9477388,,중형,중형,,1250,circle,정상,radius 기반 원형표시,구글 가청률 지도 최종본.kmz,
S0492,북부,양주시,,덕도3리경로당,37.8461323,126.9668532,,중형,중형,1200,999.9,circle,정상,radius 기반 원형표시,구글 가청률 지도 최종본.kmz,
S0493,북부,양주시,장흥면,장흥면행정복지센터,37.7178456,126.941221,,중형,중형,,1250,circle,정상,radius 기반 원형표시,구글 가청률 지도 최종본.kmz,
S0494,북부,양주시,장흥면,장흥작은도서관,37.7137052,126.9693424,,중형,중형,,1250,circle,정상,radius 기반 원형표시,구글 가청률 지도 최종본.kmz,
S0495,북부,양주시,장흥면,삼하리마을회관,37.6780466,126.922811,,중형,중형,,1250,circle,정상,radius 기반 원형표시,구글 가청률 지도 최종본.kmz,
S0496,북부,양주시,양주1동,양주시청,37.7849605,127.045733,,대형,대형,,1650,circle,정상,radius 기반 원형표시,구글 가청률 지도 최종본.kmz,
S0497,북부,양주시,양주1동,유양1통 마을회관,37.7845617,127.027338,,중형,중형,,1250,circle,정상,radius 기반 원형표시,구글 가청률 지도 최종본.kmz,
S0498,북부,양주시,양주1동,양주1동행정복지센터,37.7731228,127.0439134,,중형,중형,,1250,circle,정상,radius 기반 원형표시,구글 가청률 지도 최종본.kmz,
S0499,북부,양주시,양주1동,남방3통마을회관,37.775401,127.0336774,,중형,중형,1200,1000.5,circle,정상,radius 기반 원형표시,구글 가청률 지도 최종본.kmz,
S0500,북부,양주시,양주2동,양주2동행정복지센터,37.7968329,127.0802965,,중형,중형,,1250,circle,정상,radius 기반 원형표시,구글 가청률 지도 최종본.kmz,
S0501,북부,양주시,양주2동,양주자이프라자,37.795924,127.105851,,중형,중형,,1250,circle,정상,radius 기반 원형표시,구글 가청률 지도 최종본.kmz,
S0502,북부,양주시,양주2동,고읍119안전센터,37.8017992,127.0698366,,중형,중형,,1250,circle,정상,radius 기반 원형표시,구글 가청률 지도 최종본.kmz,
S0503,북부,양주시,회천1동,회천1동행정복지센터,37.8438868,127.0660388,,대형,대형,,1650,circle,정상,radius 기반 원형표시,구글 가청률 지도 최종본.kmz,
S0504,북부,양주시,회천2동,회천2동행정복지센터,37.8223698,127.0477309,,중형,중형,,1250,circle,정상,radius 기반 원형표시,구글 가청률 지도 최종본.kmz,
S0505,북부,양주시,회천2동,회정1통 마을회관,37.8290839,127.0525312,,중형,중형,,1250,circle,정상,radius 기반 원형표시,구글 가청률 지도 최종본.kmz,
S0506,북부,양주시,회천3동,회천3동행정복지센터,37.8377264,127.0688847,,중형,중형,,1250,circle,정상,radius 기반 원형표시,구글 가청률 지도 최종본.kmz,
S0507,북부,양주시,회천4동,회천4동행정복지센터,37.8328388,127.0902953,,중형,중형,,1250,circle,정상,radius 기반 원형표시,구글 가청률 지도 최종본.kmz,
S0508,북부,양주시,,옥정호수도서관,37.8232269,127.0948656,,,,,999.6,circle,정상,radius 기반 원형표시,구글 가청률 지도 최종본.kmz,
S0509,북부,구리시,,시립동구어린이집,37.6183886,127.1383948,,대형,대형,,1200,circle,정상,radius 기반 원형표시,구글 가청률 지도 최종본.kmz,
S0510,북부,구리시,,구리시청,37.5946151,127.1296727,,대형,대형,,1200,circle,정상,radius 기반 원형표시,구글 가청률 지도 최종본.kmz,
S0511,북부,구리시,,토평정수장,37.5807916,127.1470929,,대형,대형,,1198.5,circle,정상,radius 기반 원형표시,구글 가청률 지도 최종본.kmz,
S0512,북부,구리시,,인창빗물펌프장,37.6046443,127.1476463,,중형,중형,,1000,circle,정상,radius 기반 원형표시,구글 가청률 지도 최종본.kmz,
S0513,북부,구리시,,갈매중앙공원,37.631034,127.1188887,,중형,중형,,1000,circle,정상,radius 기반 원형표시,구글 가청률 지도 최종본.kmz,
S0514,북부,포천시,,포천시청,37.8947222,127.2002591,,대형,대형,1200,1197.5,circle,정상,radius 기반 원형표시,구글 가청률 지도 최종본.kmz,
S0515,북부,포천시,,소홀읍사무소,37.8232722,127.1385806,,복합,복합,2400,1198.2,circle,정상,radius 기반 원형표시,구글 가청률 지도 최종본.kmz,
S0516,북부,포천시,,소홀도서관,37.8296722,127.1376389,,중형,중형,1200,998.6,circle,정상,radius 기반 원형표시,구글 가청률 지도 최종본.kmz,
S0517,북부,포천시,,군내면사무소,37.889025,127.2178722,,중형,중형,1200,998.1,circle,정상,radius 기반 원형표시,구글 가청률 지도 최종본.kmz,
S0518,북부,포천시,,내촌면사무소,37.786,127.2288889,,중형,중형,1200,998.1,circle,정상,radius 기반 원형표시,구글 가청률 지도 최종본.kmz,
S0519,북부,포천시,,내5리마을회관,37.7951306,127.2305556,,중형,중형,1200,999.4,circle,정상,radius 기반 원형표시,구글 가청률 지도 최종본.kmz,
S0520,북부,포천시,,신북면사무소,37.9339889,127.22635,,중형,중형,1200,998.3,circle,정상,radius 기반 원형표시,구글 가청률 지도 최종본.kmz,
S0521,북부,포천시,,포천중앙도서관,37.9052778,127.2064722,,중형,중형,1200,998.8,circle,정상,radius 기반 원형표시,구글 가청률 지도 최종본.kmz,
S0522,북부,포천시,,가산면사무소,37.8486111,127.1863889,,중형,중형,1200,998.3,circle,정상,radius 기반 원형표시,구글 가청률 지도 최종본.kmz,
S0523,북부,포천시,,창수면사무소,37.9917167,127.1891,,중형,중형,1200,998.8,circle,정상,radius 기반 원형표시,구글 가청률 지도 최종본.kmz,
S0524,북부,포천시,,영중면사무소,38.0055556,127.2450944,,중형,중형,1200,1001.4,circle,정상,radius 기반 원형표시,구글 가청률 지도 최종본.kmz,
S0525,북부,포천시,,영평리노인정,38.0170778,127.2117389,,중형,중형,1200,999.2,circle,정상,radius 기반 원형표시,구글 가청률 지도 최종본.kmz,
S0526,북부,포천시,,성동5리 마을회관,38.0194028,127.2510056,,중형,중형,1200,993.4,circle,정상,radius 기반 원형표시,구글 가청률 지도 최종본.kmz,
S0527,북부,포천시,,일동면사무소,37.9613306,127.31725,,중형,중형,1200,1003.4,circle,정상,radius 기반 원형표시,구글 가청률 지도 최종본.kmz,
S0528,북부,포천시,,일동디딤돌 학습센터,37.9799194,127.3224639,,중형,중형,1200,1001.9,circle,정상,radius 기반 원형표시,구글 가청률 지도 최종본.kmz,
S0529,북부,포천시,,이동면사무소,38.0306611,127.3675722,,중형,중형,1200,996.1,circle,정상,radius 기반 원형표시,구글 가청률 지도 최종본.kmz,
S0530,북부,포천시,,도평리보건진료소,38.0590805,127.3843977,,중형,중형,1200,1000.6,circle,정상,radius 기반 원형표시,구글 가청률 지도 최종본.kmz,
S0531,북부,포천시,,영북면사무소,38.0893778,127.2751028,,중형,중형,1200,998.9,circle,정상,radius 기반 원형표시,구글 가청률 지도 최종본.kmz,
S0532,북부,포천시,,산정리마을회관,38.0686056,127.3236111,,중형,중형,1200,999.1,circle,정상,radius 기반 원형표시,구글 가청률 지도 최종본.kmz,
S0533,북부,포천시,,관인면사무소,38.1577778,127.2511694,,중형,중형,1200,998.6,circle,정상,radius 기반 원형표시,구글 가청률 지도 최종본.kmz,
S0534,북부,포천시,,중3리마을회관,38.0861472,127.2065361,,중형,중형,1200,1000.3,circle,정상,radius 기반 원형표시,구글 가청률 지도 최종본.kmz,
S0535,북부,포천시,,냉정1리회관,38.1669753,127.2735583,,중형,중형,1200,999.3,circle,정상,radius 기반 원형표시,구글 가청률 지도 최종본.kmz,
S0536,북부,포천시,,화현면사무소,37.9011639,127.2881667,,중형,중형,1200,1000.6,circle,정상,radius 기반 원형표시,구글 가청률 지도 최종본.kmz,
S0537,북부,포천시,,선단동사무소,37.8541667,127.1591667,,중형,중형,1200,994.8,circle,정상,radius 기반 원형표시,구글 가청률 지도 최종본.kmz,
S0538,북부,포천시,,심곡1리작은도서관,37.9417791,127.185952,,중형,중형,1200,1000,circle,정상,radius 기반 원형표시,구글 가청률 지도 최종본.kmz,
S0539,북부,동두천시,,동두천시청,37.9034921,127.0599354,,대형,대형,2400,1199.6,circle,정상,radius 기반 원형표시,구글 가청률 지도 최종본.kmz,
S0540,북부,동두천시,,보산동행정복지센터,37.917695,127.0613603,,중형,중형,1200,1001,circle,정상,radius 기반 원형표시,구글 가청률 지도 최종본.kmz,
S0541,북부,동두천시,,불현동행정복지센터,37.8986338,127.0624592,,중형,중형,1200,999.7,circle,정상,radius 기반 원형표시,구글 가청률 지도 최종본.kmz,
S0542,북부,동두천시,,불현동 중앙고교,37.8916379,127.0575824,,대형,대형,2400,1200,circle,정상,radius 기반 원형표시,구글 가청률 지도 최종본.kmz,
S0543,북부,동두천시,,광암동다목적회관,37.8938186,127.0891529,,중형,중형,1200,997.7,circle,정상,radius 기반 원형표시,구글 가청률 지도 최종본.kmz,
S0544,북부,동두천시,,소요동행정복지센터,37.9294759,127.0572311,,대형,대형,2400,1200.6,circle,정상,radius 기반 원형표시,구글 가청률 지도 최종본.kmz,
S0545,북부,동두천시,,동두천환경사업소,37.9455844,127.0570856,,중형,중형,1200,1001.6,circle,정상,radius 기반 원형표시,구글 가청률 지도 최종본.kmz,
S0546,북부,동두천시,,상패동행정복지센터,37.9054929,127.0443259,,중형,중형,1200,999.1,circle,정상,radius 기반 원형표시,구글 가청률 지도 최종본.kmz,
S0547,북부,동두천시,,상패8통 마을회관,37.9022809,127.0255609,,중형,중형,1200,998.6,circle,정상,radius 기반 원형표시,구글 가청률 지도 최종본.kmz,
S0548,북부,가평군,,가평군청,37.8312549,127.5095764,,대형,대형,1800,1072.2,circle,정상,radius 기반 원형표시,구글 가청률 지도 최종본.kmz,
S0549,북부,가평군,,승안2리마을회관,37.8480096,127.4876617,,소형,소형,600,900.3,circle,정상,radius 기반 원형표시,구글 가청률 지도 최종본.kmz,
S0550,북부,가평군,,달전1리마을회관,37.8111859,127.5199601,,중형,중형,1200,1000.1,circle,정상,radius 기반 원형표시,구글 가청률 지도 최종본.kmz,
S0551,북부,가평군,,설악면사무소,37.676148,127.4947225,,소형,소형,600,900.4,circle,정상,radius 기반 원형표시,구글 가청률 지도 최종본.kmz,
S0552,북부,가평군,,가일1리마을회관,37.5999524,127.4930418,,소형,소형,600,899,circle,정상,radius 기반 원형표시,구글 가청률 지도 최종본.kmz,
S0553,북부,가평군,,청평면사무소,37.7404105,127.4241432,,소형,소형,600,898.8,circle,정상,radius 기반 원형표시,구글 가청률 지도 최종본.kmz,
S0554,북부,가평군,,대성3리마을회관,37.6805288,127.3768354,,소형,소형,600,898.5,circle,정상,radius 기반 원형표시,구글 가청률 지도 최종본.kmz,
S0555,북부,가평군,,상면사무소,37.8048458,127.3567035,,소형,소형,600,899.7,circle,정상,radius 기반 원형표시,구글 가청률 지도 최종본.kmz,
S0556,북부,가평군,,덕현리 마을회관,37.7625282,127.3940152,,소형,소형,600,899.1,circle,정상,radius 기반 원형표시,구글 가청률 지도 최종본.kmz,
S0557,북부,가평군,,조종면사무소,37.8173682,127.3531539,,소형,소형,600,898.9,circle,정상,radius 기반 원형표시,구글 가청률 지도 최종본.kmz,
S0558,북부,가평군,,운악리경로당,37.8650883,127.3493136,,소형,소형,600,898,circle,정상,radius 기반 원형표시,구글 가청률 지도 최종본.kmz,
S0559,북부,가평군,,북면사무소,37.8855895,127.5502378,,소형,소형,600,899.2,circle,정상,radius 기반 원형표시,구글 가청률 지도 최종본.kmz,
S0560,북부,가평군,,도대1리마을회관,37.9243337,127.4940755,,소형,소형,600,898.3,circle,정상,radius 기반 원형표시,구글 가청률 지도 최종본.kmz,
S0561,북부,연천군,,연천군청,38.0967538,127.0746162,,대형,대형,2400,1198.4,circle,정상,radius 기반 원형표시,구글 가청률 지도 최종본.kmz,
S0562,북부,연천군,,전곡읍행정복지센터,38.027952,127.0636146,,대형,대형,2400,1192.9,circle,정상,radius 기반 원형표시,구글 가청률 지도 최종본.kmz,
S0563,북부,연천군,,군남면행정복지센터,38.0851942,127.0188951,,중형,중형,1200,997.8,circle,정상,radius 기반 원형표시,구글 가청률 지도 최종본.kmz,
S0564,북부,연천군,,청산면행정복지센터,37.9818468,127.0676989,,중형,중형,1200,994.8,circle,정상,radius 기반 원형표시,구글 가청률 지도 최종본.kmz,
S0565,북부,연천군,,백학면행정복지센터,38.0296519,126.9180051,,중형,중형,1200,994.3,circle,정상,radius 기반 원형표시,구글 가청률 지도 최종본.kmz,
S0566,북부,연천군,,미산면행정복지센터,38.047365,126.992871,,중형,중형,1200,1004.8,circle,정상,radius 기반 원형표시,구글 가청률 지도 최종본.kmz,
S0567,북부,연천군,,왕징면행정복지센터,38.0585307,127.0127297,,중형,중형,1200,1002.3,circle,정상,radius 기반 원형표시,구글 가청률 지도 최종본.kmz,
S0568,북부,연천군,,신서면행정복지센터,38.1832686,127.1068705,,중형,중형,1200,1001.4,circle,정상,radius 기반 원형표시,구글 가청률 지도 최종본.kmz,
S0569,북부,연천군,,중면행정복지센터,38.1358818,127.0191797,,중형,중형,1200,998.8,circle,정상,radius 기반 원형표시,구글 가청률 지도 최종본.kmz,
S0570,북부,연천군,,연강갤러리,38.1178643,126.9871954,,중형,중형,1200,999.7,circle,정상,radius 기반 원형표시,구글 가청률 지도 최종본.kmz,
S0571,북부,연천군,,장남면행정복지센터,37.9818155,126.8842447,,중형,중형,1200,1004.8,circle,정상,radius 기반 원형표시,구글 가청률 지도 최종본.kmz,
S0572,북부,연천군,,상1리다목적회관,38.1348533,127.0784262,,중형,중형,1200,1600,circle,정상,radius 기반 원형표시,구글 가청률 지도 최종본.kmz,
